Time,Left_Fuse_MCCB,Left_MCCB,Left_Fuse,Left_HCB,Left_SSCB,Right_Fuse_MCCB,Right_MCCB,Right_Fuse,Right_HCB,Right_SSCB
0.0,9.880984919163893e-15,9.880984919163893e-15,9.880984919163893e-15,9.880984919163893e-15,9.880984919163893e-15,9.880984919163893e-15,9.880984919163893e-15,9.880984919163893e-15,9.880984919163893e-15,9.880984919163893e-15
0.06844626967830253,4.550545396053707e-8,1.2011969752201423e-6,4.795694683590312e-7,2.776251312175404e-7,4.530773323185855e-8,4.5505457513250747e-8,1.4928432954253168e-6,1.886679558138482e-7,3.938582103790722e-7,4.530773323185855e-8
0.13689253935660506,4.573008971497927e-8,1.200915589194551e-6,4.795527300816005e-7,2.777445740065332e-7,4.5532495773770165e-8,4.5730129127896646e-8,1.4926980950180635e-6,1.8886373542859047e-7,3.939960520060737e-7,4.5532495773770165e-8
0.2053388090349076,4.5683180793787415e-8,1.2004345179006393e-6,4.79318495560932e-7,2.776023581008147e-7,4.548570786688799e-8,4.568325806530993e-8,1.492433030270135e-6,1.8883499264266135e-7,3.9388639938575665e-7,4.548570786688799e-8
0.2737850787132101,4.5729183661968875e-8,1.200156254821394e-6,4.792611438819705e-7,2.7756799803047016e-7,4.553182320066185e-8,4.572930112356488e-8,1.492493927224281e-6,1.8897256492955705e-7,3.939060689850393e-7,4.553182320066185e-8
0.34223134839151265,4.584403912044621e-8,1.2000779615606305e-6,4.793767749422528e-7,2.7761981313823014e-7,4.564678124374666e-8,4.584420043585169e-8,1.4929043818945331e-6,1.8927088130116232e-7,3.9403680740512925e-7,4.564678124374666e-8
0.4106776180698152,4.601597669573465e-8,1.200207262797015e-6,4.796726236211413e-7,2.777481323823494e-7,4.581881030141233e-8,4.601618530664098e-8,1.4936965450074169e-6,1.8973569559932457e-7,3.9427196651953267e-7,4.581881030141233e-8
0.4791238877481177,4.6238344708626755e-8,1.2005555892757869e-6,4.80160185611922e-7,2.7794820811610776e-7,4.604125769525069e-8,4.623860461183682e-8,1.494904982246581e-6,1.9037715759395724e-7,3.9460953471515126e-7,4.604125769525069e-8
0.5475701574264202,4.650707219333583e-8,1.2011359472596794e-6,4.808528627497921e-7,2.7821772452529814e-7,4.631005123822973e-8,4.650738771871943e-8,1.496564755898433e-6,1.9120742433820226e-7,3.950497177163115e-7,4.631005123822973e-8
0.6160164271047228,4.6819553234378475e-8,1.201962003261059e-6,4.817649710275873e-7,2.785557146056661e-7,4.662258412668763e-8,4.681992893385001e-8,1.4987107175290504e-6,1.9223964586867481e-7,3.955938980837459e-7,4.662258412668763e-8
0.6844626967830253,4.7174079309542094e-8,1.2030476581603722e-6,4.82911259869212e-7,2.7896201282295863e-7,4.697714728330027e-8,4.717451995706057e-8,1.501377225099354e-6,1.9348747037906122e-7,3.96244121625422e-7,4.697714728330027e-8
0.7529089664613279,4.7569531314017865e-8,1.2044068407046638e-6,4.843066698789755e-7,2.794369641234695e-7,4.737262049303581e-8,4.75700423496761e-8,1.5045980461536601e-6,1.9496479075620243e-7,3.9700282694621336e-7,4.737262049303581e-8
0.8213552361396304,4.8005192154754184e-8,1.2060533985946975e-6,4.859661946188254e-7,2.799812468534668e-7,4.7808285663641925e-8,4.80057789076227e-8,1.5084063296200156e-6,1.9668559825269938e-7,3.978726875741856e-7,4.7808285663641925e-8
0.8898015058179329,4.848062906681605e-8,1.208001042862783e-6,4.879048046690926e-7,2.8059576551164866e-7,4.82837094750721e-8,4.848129708800997e-8,1.5128346144699378e-6,1.9866389933120843e-7,3.9885651603732697e-7,4.82837094750721e-8
0.9582477754962354,4.8995613899371904e-8,1.210263315454263e-6,4.901373981125445e-7,2.8128157791851294e-7,4.8798663221383265e-8,4.899636929511786e-8,1.5179148497024286e-6,2.0091366292884771e-7,3.999572029123044e-7,4.8798663221383265e-8
1.0266940451745379,4.955007470996975e-8,1.2128535807898189e-6,4.926787792181031e-7,2.8203985225072614e-7,4.93530738499004e-8,4.9550923475472075e-8,1.5236784269845316e-6,2.0344879347877765e-7,4.011776821855051e-7,4.93530738499004e-8
1.0951403148528405,5.014405535241906e-8,1.2157850186600427e-6,4.955436399001201e-7,2.8287183206909816e-7,4.994698488136606e-8,5.0145003815948996e-8,1.5301562087399745e-6,2.062831091498296e-7,4.025209024982601e-7,4.994698488136606e-8
1.163586584531143,5.0777688054282066e-8,1.2190706230041926e-6,4.987465500594368e-7,2.837788122267426e-7,5.0580527655164076e-8,5.077874287717776e-8,1.5373785564598563e-6,2.0943033096632035e-7,4.0398981016043223e-7,5.0580527655164076e-8
1.2320328542094456,5.1451174987171555e-8,1.2227232075723293e-6,5.023019551408936e-7,2.8476212476924445e-7,5.125390378779571e-8,5.145234305281576e-8,1.5453753604566245e-6,2.129040758136469e-7,4.055873386032971e-7,5.125390378779571e-8
1.300479123887748,5.216477372282924e-8,1.22675540992212e-6,5.062241748010621e-7,2.8582312638913976e-7,5.196737007384655e-8,5.216606191460471e-8,1.5541760656212489e-6,2.1671785510601893e-7,4.0731640127411595e-7,5.196737007384655e-8
1.3689253935660506,5.291878324431565e-8,1.231179695526663e-6,5.105274003547322e-7,2.8696318754573014e-7,5.2721225052287934e-8,5.292019855662744e-8,1.5638096926284817e-6,2.2088506845818756e-7,4.0917988330946287e-7,5.2721225052287934e-8
1.4373716632443532,5.37135379508058e-8,1.2360083654350262e-6,5.152256978835368e-7,2.881836882462352e-7,5.351580267820566e-8,5.371508804419278e-8,1.5743048621397193e-6,2.254190079042928e-7,4.111806413131802e-7,5.351580267820566e-8
1.5058179329226558,5.454939744353737e-8,1.2412535588257612e-6,5.203330065706169e-7,2.8948600949707526e-7,5.435146133159208e-8,5.4551089645471507e-8,1.585689809679991e-6,2.303328526798154e-7,4.133214971391297e-7,5.435146133159208e-8
1.5742642026009581,5.54267419738963e-8,1.2469272597792624e-6,5.258631426974247e-7,2.9087153141649225e-7,5.522858137485542e-8,5.542858427798336e-8,1.597992405621973e-6,2.3563967310735734e-7,4.156052383352815e-7,5.522858137485542e-8
1.6427104722792607,5.634597033399302e-8,1.2530413040501287e-6,5.318298016421252e-7,2.923416310141036e-7,5.614756060090542e-8,5.6347970400771885e-8,1.611240170951156e-6,2.4135243148482033e-7,4.1803461814371445e-7,5.614756060090542e-8
1.7111567419575633,5.730749219612363e-8,1.2596073813986308e-6,5.382465574355066e-7,2.938976775279656e-7,5.7108808459993554e-8,5.730965846328928e-8,1.6254602888121639e-6,2.4748398108620506e-7,4.2061235261403596e-7,5.7108808459993554e-8
1.7796030116358659,5.8311727113569134e-8,1.2666370398095594e-6,5.451268649814267e-7,2.9554103075923877e-7,5.8112743506200104e-8,5.8314067463705044e-8,1.6406796159440518e-6,2.540470664946781e-7,4.2334112082542674e-7,5.8112743506200104e-8
1.8480492813141685,5.9359101967082495e-8,1.2741416908212955e-6,5.524840620552141e-7,2.972730411832103e-7,5.9159792398233435e-8,5.9361624948905956e-8,1.6569246964470707e-6,2.6105432671119644e-7,4.2622356621890845e-7,5.9159792398233435e-8
1.9164955509924708,6.045004730115267e-8,1.2821326116352338e-6,5.603313690816236e-7,2.9909504650760255e-7,6.025038512547098e-8,6.045276157440327e-8,1.6742217665566272e-6,2.6851829237894975e-7,4.2926229404383065e-7,6.025038512547098e-8
1.9849418206707734,6.158499799013839e-8,1.2906209500007648e-6,5.686818920214165e-7,3.010083723387069e-7,6.138495600715999e-8,6.158791221455573e-8,1.6925967671888031e-6,2.764513895581189e-7,4.324598751326292e-7,6.138495600715999e-8
2.0533880903490758,6.276438935248763e-8,1.299617724548341e-6,5.775486203729585e-7,3.030143306270716e-7,6.256393980663688e-8,6.27675125208782e-8,1.7120753473820471e-6,2.8486593628418433e-7,4.358188420150455e-7,6.256393980663688e-8
2.1218343600273784,6.398865670664833e-8,1.3091338290083243e-6,5.869444290595993e-7,3.051142184462563e-7,6.378777139826042e-8,6.399199781181864e-8,1.732682871735669e-6,2.937741454545062e-7,4.3934169280390734e-7,6.378777139826042e-8
2.190280629705681,6.525823625924687e-8,1.319180035874723e-6,5.968820805390962e-7,3.073093205463451e-7,6.505688654456776e-8,6.526180462707032e-8,1.7544444269601556e-6,3.031881243842349e-7,4.430308907510394e-7,6.505688654456776e-8
2.2587268993839835,6.657355799966069e-8,1.3297669909650978e-6,6.073742175871644e-7,3.096009020264745e-7,6.637171456880253e-8,6.657736284498839e-8,1.7773848196567243e-6,3.131198690331516e-7,4.468888599173937e-7,6.637171456880253e-8
2.327173169062286,6.793505302749026e-8,1.3409052250779041e-6,6.184333721792612e-7,3.1199021621741707e-7,6.773268623749829e-8,6.793910400926251e-8,1.8015285884187549e-6,3.2358127166620676e-7,4.5091799405483357e-7,6.773268623749829e-8
2.3956194387405887,6.934314555895327e-8,1.3526051461099087e-6,6.300719569418689e-7,3.144784979092208e-7,6.914022532278352e-8,6.934745222508809e-8,1.8268999979476064e-6,3.3458411263787013e-7,4.551206481684389e-7,6.914022532278352e-8
2.4640657084188913,7.079825770084369e-8,1.364877045939572e-6,6.423022695933867e-7,3.170669670149451e-7,7.059475315429609e-8,7.08028298213037e-8,1.8535230471572461e-6,3.461400636117773e-7,4.594991456219333e-7,7.059475315429609e-8
2.532511978097194,7.230080401043892e-8,1.3777310967633127e-6,6.551364871709708e-7,3.1975682557305873e-7,7.209668428931337e-8,7.230565168825365e-8,1.8814214649554017e-6,3.582606831198376e-7,4.6405577369679207e-7,7.209668428931337e-8
2.600958247775496,7.385119749070412e-8,1.391177356868667e-6,6.685866708044941e-7,3.22549261855265e-7,7.364643095364443e-8,7.385633071788078e-8,1.91061871646081e-6,3.709574192267695e-7,4.687927884772236e-7,7.364643095364443e-8
2.6694045174537986,7.5449839598285e-8,1.4052257617525044e-6,6.82664754614315e-7,3.2544544181778434e-7,7.524439404882344e-8,7.545526836683081e-8,1.9411379937883666e-6,3.8424159998218244e-7,4.737124077447419e-7,7.524439404882344e-8
2.737850787132101,7.709712923631429e-8,1.4198861338909907e-6,6.973825532607947e-7,3.2844651887131704e-7,7.689097236696085e-8,7.710286398232569e-8,1.973002224375797e-6,3.9812443941578124e-7,4.788168197489284e-7,7.689097236696085e-8
2.8062970568104038,7.879345720329667e-8,1.4351681757451829e-6,7.12751754283758e-7,3.3155362710868275e-7,7.858655604042752e-8,7.879950836287009e-8,2.006234063989254e-6,4.1261703098705027e-7,4.841081774342726e-7,7.858655604042752e-8
2.8747433264887063,8.053920597106412e-8,1.4510814708712516e-6,7.287839162151144e-7,3.347678826370881e-7,8.033152731901083e-8,8.05455843133629e-8,2.040855895391047e-6,4.2773034458765125e-7,4.895886005495953e-7,8.033152731901083e-8
2.943189596167009,8.233475101704357e-8,1.4676354834763927e-6,7.454904672465901e-7,3.380903839111937e-7,8.212626112502619e-8,8.234146720020874e-8,2.076889826452266e-6,4.43475224987111e-7,4.952601754260044e-7,8.212626112502619e-8
3.0116358658453115,8.418046049118999e-8,1.4848395576416706e-6,7.628827016770146e-7,3.4152221284333706e-7,8.397112494229475e-8,8.418752517336259e-8,2.1143576868221103e-6,4.5986238983442007e-7,5.011249563091624e-7,8.397112494229475e-8
3.080082135523614,8.607669421678565e-8,1.5027029162117955e-6,7.809717775808522e-7,3.450644325830865e-7,8.58664785940988e-8,8.608411850019593e-8,2.1532810250413092e-6,4.769024253281628e-7,5.071849642490633e-7,8.58664785940988e-8
3.1485284052019162,8.802380024874878e-8,1.521234654799919e-6,7.997687087035743e-7,3.4871808518577296e-7,8.781266946922273e-8,8.803159523562698e-8,2.1936810996603384e-6,4.946057788890457e-7,5.134421844354975e-7,8.781266946922273e-8
3.216974674880219,9.002212264519471e-8,1.540443749226128e-6,8.19284369679707e-7,3.5248419927302876e-7,8.981004129271497e-8,9.003029932674878e-8,2.235578882792133e-6,5.129827642669227e-7,5.198985733034789e-7,8.981004129271497e-8
3.2854209445585214,9.207199391791931e-8,1.5603390454144161e-6,8.395294849306012e-7,3.5636378215020414e-7,9.185892613228219e-8,9.2080563951491e-8,2.278995048343724e-6,5.320435504385657e-7,5.265560519829293e-7,9.185892613228219e-8
3.353867214236824,9.417373725284506e-8,1.580929260946995e-6,8.60514626555009e-7,3.6035782269294714e-7,9.395964672975765e-8,9.418271174066462e-8,2.323949967908412e-6,5.517981593872179e-7,5.334165084081022e-7,9.395964672975765e-8
3.4223134839151266,9.63276661769541e-8,1.6022229817336253e-6,8.822502103322805e-7,3.6446729045902515e-7,9.61125163900789e-8,9.633705677636328e-8,2.3704637057697653e-6,5.722564621057913e-7,5.40481797539627e-7,9.61125163900789e-8
3.490759753593429,9.85340857795336e-8,1.624228661789573e-6,9.047464922806725e-7,3.68693137908771e-7,9.831783986946618e-8,9.854390425889648e-8,2.4185560125733474e-6,5.93428175488242e-7,5.477537416975764e-7,9.831783986946618e-8
3.5592060232717317,1.0079328882639516e-7,1.6469546160191584e-6,9.280135609968099e-7,3.730362946319232e-7,1.00575909156575e-7,1.0080354684305348e-7,2.4682463158898216e-6,6.153228534477861e-7,5.552341276748862e-7,1.00575909156575e-7
3.6276522929500343,1.0310556264325754e-7,1.6704090257668724e-6,9.520613385438637e-7,3.774976765624771e-7,1.028870114661018e-7,1.0311627196557538e-7,2.519553718771661e-6,6.379498896924574e-7,5.629247132876714e-7,1.028870114661018e-7
3.696098562628337,1.0547117834658337e-7,1.6945999250506105e-6,9.768995662406965e-7,3.8207817387725385e-7,1.052514176924646e-7,1.0548235096496938e-7,2.5724969827667366e-6,6.613185022930068e-7,5.708272172721962e-7,1.052514176924646e-7
3.764544832306639,1.0789040261194316e-7,1.7195352085552784e-6,1.0025378101019555e-6,3.8677866287528673e-7,1.076693937340778e-7,1.0790205062782832e-7,2.627094530582852e-6,6.854377390119737e-7,5.789433291658597e-7,1.076693937340778e-7
3.8329911019849416,1.1036348712689659e-7,1.7452226190872722e-6,1.0289854455169944e-6,3.915999959858141e-7,1.1014119127850108e-7,1.1037562275273416e-7,2.683364427880086e-6,7.103164629818082e-7,5.872747015356339e-7,1.1014119127850108e-7
3.9014373716632442,1.1289067514130835e-7,1.7716697507941248e-6,1.0562516581380521e-6,3.96543007208372e-7,1.1266705313150993e-7,1.1290331058955161e-7,2.7413243813834143e-6,7.359633525938492e-7,5.958229538638449e-7,1.1266705313150993e-7
3.969883641341547,1.1547219858076829e-7,1.7988840427252129e-6,1.0843454353315352e-6,4.016085102254152e-7,1.1524721066358268e-7,1.1548534628591511e-7,2.8009917256710537e-6,7.62386893726763e-7,6.045896713269272e-7,1.1524721066358268e-7
4.038329911019849,1.1810827826863601e-7,1.8268727756121095e-6,1.1132755597387245e-6,4.0679729829129485e-7,1.1788188458705662e-7,1.1812195055416197e-7,2.8623834152918803e-6,7.895953729741834e-7,6.135764036852009e-7,1.1788188458705662e-7
4.1067761806981515,1.2079912492524159e-7,1.855643069093027e-6,1.1430506048348832e-6,4.1211014456532524e-7,1.2057128517817262e-7,1.2081333433666686e-7,2.925516014995466e-6,8.17596874091997e-7,6.227846673922954e-7,1.2057128517817262e-7
4.175222450376454,1.2354493772459563e-7,1.885201877716014e-6,1.1736789277128068e-6,4.175478020007617e-7,1.2331561138889668e-7,1.23559697029485e-7,2.9904056891849606e-6,8.4639926911656e-7,6.322159431526586e-7,1.2331561138889668e-7
4.243668720054757,1.263459044054116e-7,1.9155559847217063e-6,1.2051686607561507e-6,4.231110015684436e-7,1.2611505040283078e-7,1.2636122626030755e-7,3.0570681899266816e-6,8.760102117033597e-7,6.418716755884901e-7,1.2611505040283078e-7
4.312114989733059,1.292021999388382e-7,1.946711999489814e-6,1.2375277055332035e-6,4.2880045247883913e-7,1.2896977730214587e-7,1.292180972223278e-7,3.125518846402997e-6,9.064371311318098e-7,6.517532729066744e-7,1.2896977730214587e-7
4.380561259411362,1.3211399219059672e-7,1.978676356761966e-6,1.2707637300213293e-6,4.34616846178848e-7,1.3187995895336257e-7,1.3213047767024477e-7,3.1957725578068974e-6,9.376872280864035e-7,6.618621107845613e-7,1.3187995895336257e-7
4.4490075290896645,1.3508143181795162e-7,2.011455304096188e-6,1.304884152841801e-6,4.4056084802512885e-7,1.3484574634681223e-7,1.3509851848336751e-7,3.267843773580026e-6,9.69767460667903e-7,6.721995239322709e-7,1.3484574634681223e-7
4.517453798767967,1.381046625947846e-7,2.045054906196775e-6,1.3398961450361568e-6,4.4663310561077196e-7,1.3786728247922042e-7,1.3812236365762232e-7,3.341746490304054e-6,1.0026845455035627e-6,6.827668144193666e-7,1.3786728247922042e-7
4.58590006844627,1.4118381497230104e-7,2.0794810350333037e-6,1.3758066174096584e-6,4.528342436582733e-7,1.4094469769077023e-7,1.4120214331114767e-7,3.417494234048135e-6,1.036444944868542e-6,6.935652457906727e-7,1.4094469769077023e-7
4.654346338124572,1.4431900641209694e-7,2.1147393653997426e-6,1.4126222122046173e-6,4.591648633534007e-7,1.4407810933203535e-7,1.4433797557167338e-7,3.4951000479344074e-6,1.0710548594694558e-6,7.045960437324084e-7,1.4407810933203535e-7
4.722792607802875,1.475103449388726e-7,2.1508353730270713e-6,1.450349299214615e-6,4.656255465640413e-7,1.4726762487260459e-7,1.4752996790878825e-7,3.574576482923142e-6,1.1065202238924599e-6,7.158603978485445e-7,1.4726762487260459e-7
4.791238877481177,1.5075792447749592e-7,2.1877743258125193e-6,1.4889939639051164e-6,4.7221684984499745e-7,1.505133379042789e-7,1.5077821480247167e-7,3.6559355807153082e-6,1.1428466946128424e-6,7.273594574419562e-7,1.505133379042789e-7
4.85968514715948,1.5406182773958221e-7,2.2255612814880976e-6,1.5285620014182655e-6,4.789393084347893e-7,1.5381533113867363e-7,1.5408279885331666e-7,3.739188862539322e-6,1.1800396451100426e-6,7.390943351781587e-7,1.5381533113867363e-7
4.9281314168377826,1.574221278888288e-7,2.2642010839568627e-6,1.5690589100225694e-6,4.85793437032811e-7,1.5717367718437458e-7,1.5744379311399825e-7,3.82434731827086e-6,1.2181041590952901e-6,7.510661066412183e-7,1.5717367718437458e-7
4.996577686516085,1.6083888088047615e-7,2.3036983513025078e-6,1.6104898761248876e-6,4.927797224718589e-7,1.605884321076445e-7,1.608612539838461e-7,3.911421384561464e-6,1.257045014968483e-6,7.632758031173026e-7,1.605884321076445e-7
5.065023956194388,1.6431213512024812e-7,2.344057478453898e-6,1.6528597741594098e-6,4.998986325999155e-7,1.6405964342602886e-7,1.6433522953551716e-7,4.000420939842542e-6,1.2968666861512546e-6,7.757244210315761e-7,1.6405964342602886e-7
5.133470225872689,1.6784192480301385e-7,2.385282627637153e-6,1.6961731524878232e-6,5.071506100629009e-7,1.675873456674637e-7,1.678657544079698e-7,4.091355285340548e-6,1.337573328319408e-6,7.884129151758401e-7,1.675873456674637e-7
5.201916495550992,1.7142827313243458e-7,2.4273777241567984e-6,1.740434226848997e-6,5.145360753022743e-7,1.7117156148049872e-7,1.7145285158282064e-7,4.184233131643289e-6,1.3791687711872669e-6,8.013422003738668e-7,1.7117156148049872e-7
5.270362765229295,1.7507118976745062e-7,2.4703464489572724e-6,1.7856468701449302e-6,5.22055423335388e-7,1.7481230063509656e-7,1.750965309410546e-7,4.279062583489868e-6,1.4216565097369127e-6,8.145131503711767e-7,1.7481230063509656e-7
5.338809034907597,1.7877067270966052e-7,2.5141922350702117e-6,1.8318146041140793e-6,5.297090257538883e-7,1.7850956035569965e-7,1.7879679048427022e-7,4.375851125004715e-6,1.4650396951143563e-6,8.279265972799266e-7,1.7850956035569965e-7
5.4072553045859,1.8252670830332107e-7,2.558918261841292e-6,1.8789405913377522e-6,5.374972310567827e-7,1.8226332698656478e-7,1.82553616445702e-7,4.474605606374915e-6,1.5093211280792218e-6,8.415833326891331e-7,1.8226332698656478e-7
5.475701574264202,1.863392695700128e-7,2.6045274479358227e-6,1.9270276243599227e-6,5.454203619859044e-7,1.8607357354927245e-7,1.8636698229101967e-7,4.575332226197659e-6,1.5545032464592268e-6,8.554841054442264e-7,1.8607357354927245e-7
5.544147843942505,1.9020831820704132e-7,2.6510224463427434e-6,1.9760781175826025e-6,5.534787175243139e-7,1.899402611860168e-7,1.9023684927343965e-7,4.678036518268591e-6,1.600588119710089e-6,8.69629621980117e-7,1.899402611860168e-7
5.6125941136208075,1.9413380325516982e-7,2.6984056389345312e-6,2.0260940981620124e-6,5.616725722301652e-7,1.9386333904858333e-7,1.9416316687781432e-7,4.782723335150507e-6,1.647577437147163e-6,8.840205464322182e-7,1.9386333904858333e-7
5.68104038329911,1.9811565976635137e-7,2.7466791276964386e-6,2.0770771937961285e-6,5.700021732391036e-7,1.9784274185585815e-7,1.9814586993405214e-7,4.889396830520809e-6,1.6954724980644542e-6,8.986574971947547e-7,1.9784274185585815e-7
5.749486652977413,2.0215381402177712e-7,2.7958447347264936e-6,2.1290286296160588e-6,5.784677467035593e-7,2.0187839544494324e-7,2.021848849453889e-7,4.998060449623587e-6,1.744274207737817e-6,9.135410525829002e-7,2.0187839544494324e-7
5.817932922655715,2.062481768705382e-7,2.8459039896899796e-6,2.1819492118657635e-6,5.87069489688119e-7,2.0597021088697431e-7,2.0628012264989337e-7,5.1087169067320914e-6,1.7939830621038766e-6,9.286717438383718e-7,2.0597021088697431e-7
5.886379192334018,2.1039864728233937e-7,2.8968581271549e-6,2.235839321573785e-6,5.958075750545078e-7,2.1011808681858923e-7,2.1043148235033726e-7,5.221368172492191e-6,1.8445991407656237e-6,9.440500573498767e-7,2.1011808681858923e-7
5.95482546201232,2.1460511501203428e-7,2.948708083261309e-6,2.2906989084470197e-6,6.046821519056778e-7,2.1432191266157474e-7,2.146388534685073e-7,5.3360154604886745e-6,1.8961221013302776e-6,9.596764377617362e-7,2.1432191266157474e-7
6.023271731690623,2.188674522729528e-7,3.001454480733301e-6,2.346527472107951e-6,6.136933389244703e-7,2.185815605182384e-7,2.1890210843977798e-7,5.4526592039305655e-6,1.9485511613126505e-6,9.755512786480125e-7,2.185815605182384e-7
6.091718001368926,2.231855236178859e-7,3.0550976342080816e-6,2.4033240636489595e-6,6.228412331443778e-7,2.2289689505239352e-7,2.2322111170591796e-7,5.571299049322853e-6,2.001885099356393e-6,9.916749320604268e-7,2.2289689505239352e-7
6.160164271047228,2.275591794997922e-7,3.1096375362471562e-6,2.4610872685348895e-6,6.321259032882054e-7,2.2726776627290945e-7,2.2759571394193046e-7,5.691933833040785e-6,2.0561222384696265e-6,1.0080477016449763e-6,2.2726776627290945e-7
6.228610540725531,2.319882578261101e-7,3.1650738534505507e-6,2.5198151994976214e-6,6.415473911003389e-7,2.3169401208722462e-7,2.3202575305525386e-7,5.814561568784349e-6,2.1112604393636047e-6,1.0246698437521573e-6,2.3169401208722462e-7
6.2970568104038325,2.3647258451386932e-7,3.2214059207946732e-6,2.5795054872101986e-6,6.511057122349229e-7,2.3617545830134645e-7,2.365110548518956e-7,5.939179430591857e-6,2.1672970911268408e-6,1.0415415671038986e-6,2.3617545830134645e-7
6.365503080082135,2.4101197459991397e-7,3.2786327368583557e-6,2.6401552721821986e-6,6.608008564779055e-7,2.4071191973007444e-7,2.410514343686998e-7,6.06578373940625e-6,2.2242291031204786e-6,1.0586630340148062e-6,2.4071191973007444e-7
6.433949349760438,2.4560622913227803e-7,3.33675295449698e-6,2.701761192325236e-6,6.706327845273918e-7,2.4530319731042027e-7,2.4564669276472273e-7,6.194369943646194e-6,2.282052893431974e-6,1.0760343561733166e-6,2.4530319731042027e-7
6.50239561943874,2.5025513816778755e-7,3.3957648780669203e-6,2.7643193764026464e-6,6.806014313243125e-7,2.499490809881877e-7,2.5029662009679043e-7,6.324932606438516e-6,2.3407643816586443e-6,1.0936555977503204e-6,2.499490809881877e-7
6.570841889117043,2.549584798838822e-7,3.4556664562090944e-6,2.82782543459259e-6,6.907067042760673e-7,2.5464934905183867e-7,2.550009946533649e-7,6.457465389408945e-6,2.4003589805809966e-6,1.111526773178717e-6,2.5464934905183867e-7
6.639288158795345,2.597160199124815e-7,3.5164552759647805e-6,2.892274448051957e-6,7.009484824793688e-7,2.594037668002258e-7,2.597595819553433e-7,6.591961037361038e-6,2.460831585171519e-6,1.1296478467093252e-6,2.594037668002258e-7
6.707734428473648,2.645275136714531e-7,3.5781285582237032e-6,2.957660962477071e-6,7.113266189406886e-7,2.642120896512168e-7,2.645721371985488e-7,6.7284113638432785e-6,2.522176566710499e-6,1.1480187339651948e-6,2.642120896512168e-7
6.776180698151951,2.6939269992531933e-7,3.6406831465107814e-6,3.023978973115682e-6,7.218409344700305e-7,2.690740563693339e-7,2.6943839959159277e-7,6.866807231276084e-6,2.5843877582421015e-6,1.166639294725158e-6,2.690740563693339e-7
6.844626967830253,2.743113127756658e-7,3.7041155125372427e-6,3.0912219276535424e-6,7.324912282280494e-7,2.7398940083411816e-7,2.74358102902994e-7,7.007138547621139e-6,2.647458457349927e-6,1.1855093449142373e-6,2.7398940083411816e-7
6.913073237508556,2.7928306811642045e-7,3.768421737881944e-6,3.1593827046760836e-6,7.432772649584862e-7,2.7895783905051985e-7,2.793309631377028e-7,7.149394238181728e-6,2.711381405173796e-6,1.2046286419487018e-6,2.7895783905051985e-7
6.981519507186858,2.843076761793739e-7,3.833597520097598e-6,3.2284536171101053e-6,7.541987870895994e-7,2.8397908125032956e-7,2.8435669052750967e-7,7.293562243826379e-6,2.7761487895183734e-6,1.223996897170565e-6,2.8397908125032956e-7
7.049965776865161,2.89384830765016e-7,3.899638156501517e-6,3.2984263936830516e-6,7.652555027437558e-7,2.890528209009702e-7,2.894349788729045e-7,7.4396294964529375e-6,2.8417522273116447e-6,1.2436137641902434e-6,2.890528209009702e-7
7.1184120465434635,2.9451421723614146e-7,3.966538548172416e-6,3.3692921793671005e-6,7.764470955073932e-7,2.9417874369830344e-7,2.9456551364770434e-7,7.587581913770514e-6,2.9081827643828717e-6,1.2634788468801617e-6,2.9417874369830344e-7
7.186858316221766,2.996955078549135e-7,4.03429318829307e-6,3.4410415222785318e-6,7.877732174366159e-7,2.9935652168244786e-7,2.9974796666998316e-7,7.737404380425694e-6,2.975430863583206e-6,1.2835916932685265e-6,2.9935652168244786e-7
7.255304585900069,3.0492836311513116e-7,4.102896160040892e-6,3.5136643677935453e-6,7.992334919437738e-7,3.0458581545822483e-7,3.049819988776292e-7,7.889080737566445e-6,3.043486398457418e-6,1.3039517977597725e-6,3.0458581545822483e-7
7.323750855578371,3.1021243618312155e-7,4.172341134922597e-6,3.587150055772703e-6,8.108275161289313e-7,3.0986627819196144e-7,3.1026726332594734e-7,8.04259377362726e-6,3.1123386509124273e-6,1.324558603577053e-6,3.0986627819196144e-7
7.392197125256674,3.1554736501515634e-7,4.242621360450727e-6,3.6614873061280306e-6,8.225548543405736e-7,3.1519754772890707e-7,3.1560339763814227e-7,8.197925205233325e-6,3.181976296562361e-6,1.3454114947686335e-6,3.1519754772890707e-7
7.4606433949349755,3.209327777975446e-7,4.31372966158694e-6,3.7366642163805253e-6,8.344150423944541e-7,3.2057925247741537e-7,3.2099003011154537e-7,8.355055670761224e-6,3.252387404062418e-6,1.3665098018700306e-6,3.2057925247741537e-7
7.529089664613278,3.2636829361276654e-7,4.385658436412143e-6,3.8126682577743765e-6,8.464075887948397e-7,3.260110114089443e-7,3.264267801617038e-7,8.513964719902845e-6,3.3235594290026427e-6,1.3878528013488989e-6,3.260110114089443e-7
7.597535934291581,3.3185351844267075e-7,4.458399647688793e-6,3.889486263841668e-6,8.585319695164628e-7,3.314924306163647e-7,3.319132531043323e-7,8.674630799565541e-6,3.3954792049151195e-6,1.409439710831073e-6,3.314924306163647e-7
7.665982203969883,3.373880492762993e-7,4.531944823749079e-6,3.967104429070112e-6,8.707876325564357e-7,3.3702310731076324e-7,3.374490463725621e-7,8.837031246877736e-6,3.4681329414976148e-6,1.4312696933194147e-6,3.3702310731076324e-7
7.734428473648186,3.4297147133433015e-7,4.606285050945402e-6,4.045508301464551e-6,8.83173994603581e-7,3.4260262637975103e-7,3.430337449650267e-7,9.001142278308727e-6,3.5415062168420164e-6,1.4533418534190545e-6,3.4260262637975103e-7
7.8028747433264884,3.4860336250996937e-7,4.681410975315714e-6,4.124682781991851e-6,8.956904458123915e-7,3.482305661606233e-7,3.4866692666390975e-7,9.166938984006556e-6,3.6155839769902443e-6,1.4756552420003288e-6,3.482305661606233e-7
7.871321013004791,3.5428328559738986e-7,4.757312791037194e-6,4.204612111591288e-6,9.083363412543122e-7,3.539064896695976e-7,3.543481543744065e-7,9.33439531347613e-6,3.6903505249430424e-6,1.4982088470949506e-6,3.539064896695976e-7
7.939767282683094,3.600107971735156e-7,4.833980245866343e-6,4.285279876503623e-6,9.211110093554353e-7,3.596299531505309e-7,3.6007698445139624e-7,9.503484075135127e-6,3.765789523990648e-6,1.5210016020006378e-6,3.596299531505309e-7
8.008213552361395,3.6578544293508486e-7,4.911402634477646e-6,4.366669000388512e-6,9.340137476776533e-7,3.6540050274425084e-7,3.6585296259161737e-7,9.674176925988931e-6,3.841883991606565e-6,1.5440323812843104e-6,3.6540050274425084e-7
8.076659822039698,3.716067592529626e-7,4.989568796354149e-6,4.448761742104068e-6,9.470438239178591e-7,3.7121767493264457e-7,3.716756252769571e-7,9.8464443675228e-6,3.918616296672006e-6,1.5673000012261795e-6,3.7121767493264457e-7
8.145106091718,3.7747427028556046e-7,5.068467111235542e-6,4.531539690155739e-6,9.60200472466255e-7,3.7708099376310145e-7,3.775444962217378e-7,1.0020255736042927e-5,3.995968154257845e-6,1.590803215933967e-6,3.7708099376310145e-7
8.213552361396303,3.8338749475119727e-7,5.148085504114164e-6,4.614983767581293e-6,9.734829019558688e-7,3.829899783980295e-7,3.834590944773453e-7,1.0195579206562222e-5,4.07392063206391e-6,1.6145407245593546e-6,3.829899783980295e-7
8.281998631074606,3.8934593793449324e-7,5.228411434687885e-6,4.699074223513122e-6,9.86890285825659e-7,3.889441343440936e-7,3.894189251063551e-7,1.037238178069888e-5,4.152454138872663e-6,1.6385111624162008e-6,3.889441343440936e-7
8.350444900752908,3.95349100124065e-7,5.309431904687578e-6,4.783790637286067e-6,1.0004217714243424e-6,3.94942961778888e-7,3.9542348806431704e-7,1.0550629291450342e-5,4.231548433208943e-6,1.6627131083080116e-6,3.94942961778888e-7
8.41889117043121,4.0139646795278594e-7,5.391133448551244e-6,4.8691119132193705e-6,1.0140764705734995e-6,4.0098594766835305e-7,4.0147227031717136e-7,1.0730286394311506e-5,4.3111826147912424e-6,1.6871450765343354e-6,4.0098594766835305e-7
8.487337440109513,4.074875243897935e-7,5.473502142083753e-6,4.95501628805517e-6,1.0278534700036701e-6,4.070725754257154e-7,4.075647543899663e-7,1.0911316575046293e-5,4.39133513396861e-6,1.7118055258835696e-6,4.070725754257154e-7
8.555783709787816,4.1362173897052656e-7,5.556523592131768e-6,5.0414813222987576e-6,1.041751820363146e-6,4.1320231436436927e-7,4.13700409929163e-7,1.1093682140139727e-5,4.471983783616018e-6,1.7366928484197075e-6,4.1320231436436927e-7
8.624229979466119,4.19798576123398e-7,5.640182946131667e-6,5.128483911320814e-6,1.055770545987933e-6,4.193746295788614e-7,4.198787012521521e-7,1.1277344227234032e-5,4.553105708460237e-6,1.7618053804735467e-6,4.193746295788614e-7
8.692676249144421,4.260174905068581e-7,5.724464885559222e-6,5.2160002801393546e-6,1.0699086376853018e-6,4.255889757276421e-7,4.2609908301738386e-7,1.1462262800576717e-5,4.634677402748366e-6,1.7871413929837487e-6,4.255889757276421e-7
8.761122518822724,4.322779272314392e-7,5.809353628927205e-6,5.30400598897085e-6,1.0841650553983229e-6,4.3184479836533285e-7,4.32361000113346e-7,1.1648396656460669e-5,4.716674713134417e-6,1.8126990953826194e-6,4.3184479836533285e-7
8.829568788501026,4.385793268557592e-7,5.894832936781391e-6,5.39247593933645e-6,1.098538730537335e-6,4.3814153816157386e-7,4.386638928766118e-7,1.183570343077367e-5,4.799072847783137e-6,1.8384766378165551e-6,4.3814153816157386e-7
8.898015058179329,4.449211198354064e-7,5.980886107925798e-6,5.481384373839937e-6,1.1130285626492764e-6,4.444786259050204e-7,4.450071918737919e-7,1.2024139599553507e-5,4.88184637426059e-6,1.8644721061500391e-6,4.444786259050204e-7
8.966461327857632,4.513027279662296e-7,6.067495982087223e-6,5.570704881496802e-6,1.1276334184184833e-6,4.5085548372458817e-7,4.513903186786905e-7,1.2213660486648514e-5,4.9649692261954925e-6,1.8906835226317753e-6,4.5085548372458817e-7
9.034907597535934,4.5772356915829704e-7,6.154644948574983e-6,5.660410408503402e-6,1.1423521375508727e-6,4.5727152975238994e-7,4.578126908683089e-7,1.2404220276041045e-5,5.048414714048377e-6,1.9171088504466027e-6,4.5727152975238994e-7
9.103353867214237,4.6418305199580345e-7,6.242314941728999e-6,5.750473258792077e-6,1.157183527555894e-6,4.637261730167097e-7,4.6427371735990874e-7,1.2595772015511209e-5,5.132155525222615e-6,1.9437459881643804e-6,4.637261730167097e-7
9.17180013689254,4.706805781795609e-7,6.330487448025224e-6,5.840865103801107e-6,1.1721263647457292e-6,4.70218815773471e-7,4.707727995212352e-7,1.2788267628516259e-5,5.216163734833579e-6,1.970592771516344e-6,4.70218815773471e-7
9.240246406570842,4.772155410837087e-7,6.41914350696382e-6,5.931556987137654e-6,1.187179393236093e-6,4.767488512857909e-7,4.77309330504383e-7,1.2981657924293621e-5,5.3004108102605585e-6,1.997646971063638e-6,4.767488512857909e-7
9.308692676249144,4.837873311958063e-7,6.50826372206037e-6,6.022519341120081e-6,1.202341330719392e-6,4.833156707073627e-7,4.838827005748669e-7,1.3175892615846507e-5,5.3848676275780605e-6,2.0249062986366084e-6,4.833156707073627e-7
9.377138945927447,4.903953273460715e-7,6.59782825540578e-6,6.113721985556708e-6,1.2176108589168066e-6,4.899186533124933e-7,4.904922888959717e-7,1.3370920325161961e-5,5.469504471000697e-6,2.0523683973427964e-6,4.899186533124933e-7
9.44558521560575,4.970389082536997e-7,6.687816844652694e-6,6.205134149173119e-6,1.2329866349025664e-6,4.965571780424227e-7,4.97137473520759e-7,1.356668860919008e-5,5.554291054199467e-6,2.0800308527801903e-6,4.965571780424227e-7
9.514031485284052,5.037174413136114e-7,6.778208797686425e-6,6.296724470944426e-6,1.2484672806678532e-6,5.032306128471831e-7,5.038176220661938e-7,1.3763143965728197e-5,5.639196521745049e-6,2.1078911819349955e-6,5.032306128471831e-7
9.582477754962355,5.10430292366415e-7,6.868983008279095e-6,6.38846102085644e-6,1.2640513917805407e-6,5.099383241224942e-7,5.105321000398177e-7,1.3960231861287475e-5,5.724189469868968e-6,2.1359468430626194e-6,5.099383241224942e-7
9.650924024640657,5.171768179268454e-7,6.960117953869194e-6,6.480311303458386e-6,1.2797375292805668e-6,5.16679668383091e-7,5.17280263734321e-7,1.4157896740751852e-5,5.809237951348578e-6,2.164195225917709e-6,5.16679668383091e-7
9.71937029431896,5.239563735104369e-7,7.051591712547989e-6,6.572242282620877e-6,1.2955242295609182e-6,5.234540020326861e-7,5.240614686652378e-7,1.4356082058575304e-5,5.894309498155614e-6,2.1926336623012688e-6,5.234540020326861e-7
9.787816563997263,5.307683035304933e-7,7.143381959728856e-6,6.664220383423292e-6,1.3114099922661993e-6,5.302606697066281e-7,5.308750589128053e-7,1.4554730288662832e-5,5.979371125564015e-6,2.2212594137371866e-6,5.302606697066281e-7
9.856262833675565,5.376119520672518e-7,7.235465986243916e-6,6.7562115194652606e-6,1.3273932925050858e-6,5.370990162623102e-7,5.377203786682827e-7,1.4753782960230666e-5,6.064389358684252e-6,2.2500696835736633e-6,5.370990162623102e-7
9.924709103353868,5.444866579829011e-7,7.327820703117993e-6,6.848181103302764e-6,1.3434725743000087e-6,5.43968380894988e-7,5.44596766460792e-7,1.49531806759029e-5,6.149330243232498e-6,2.279061610654942e-6,5.43968380894988e-7
9.99315537303217,5.513917558097603e-7,7.420422651116532e-6,6.9400940652109e-6,1.359646253029645e-6,5.508680984700476e-7,5.515035563785631e-7,1.5152863139911155e-5,6.234159363627256e-6,2.308232270542554e-6,5.508680984700476e-7
10.061601642710473,5.583265724196096e-7,7.513248007295914e-6,7.031914867838829e-6,1.3759127107659808e-6,5.577974969694921e-7,5.584400758484875e-7,1.5352769182852555e-5,6.318841859198621e-6,2.3375786729618042e-6,5.577974969694921e-7
10.130047912388775,5.652904337960507e-7,7.606272600990671e-6,7.123607530634679e-6,1.3922703032687167e-6,5.647559021548787e-7,5.654056496329218e-7,1.5552836795773572e-5,6.40334244761398e-6,2.367097766131643e-6,5.647559021548787e-7
10.198494182067078,5.722826623699717e-7,7.6994719233614e-6,7.215135648830362e-6,1.4087173584309554e-6,5.717426377893631e-7,5.723996010509325e-7,1.5753003160368095e-5,6.4876254443069215e-6,2.3967864373197756e-6,5.717426377893631e-7
10.266940451745379,5.793025769085247e-7,7.792821137275752e-6,7.306462412426384e-6,1.4252521743918223e-6,5.787570226400973e-7,5.794212478704708e-7,1.595320467862038e-5,6.571654781351022e-6,2.4266415095119953e-6,5.787570226400973e-7
10.335386721423681,5.863494888513898e-7,7.88629508619021e-6,7.397550625065641e-6,1.4418730167609084e-6,5.857983691459623e-7,5.864699017532615e-7,1.6153377004668457e-5,6.655394026555683e-6,2.4566597396358247e-6,5.857983691459623e-7
10.403832991101984,5.934227121917601e-7,7.97986831513331e-6,7.488362736118859e-6,1.4585781283882326e-6,5.92865991633218e-7,5.935448761373863e-7,1.6353455087880775e-5,6.738806415440557e-6,2.48683782788639e-6,5.92865991633218e-7
10.472279260780287,6.00521553706379e-7,8.073515075923687e-6,7.578860854118297e-6,1.4753657197053016e-6,5.999591977667862e-7,6.006454782436776e-7,1.655337320072281e-5,6.821854865224353e-6,2.5171724077344138e-6,5.999591977667862e-7
10.54072553045859,6.0764532161528e-7,8.167209346487958e-6,7.669006779842391e-6,1.4922339770517823e-6,6.070772962107895e-7,6.077710152929683e-7,1.675306498383211e-5,6.904502007354374e-6,2.5476600544749317e-6,6.070772962107895e-7
10.609171800136892,6.147933162559127e-7,8.260924837744099e-6,7.758762022302967e-6,1.5091810535716732e-6,6.142195878577894e-7,6.149207878447527e-7,1.6952463477770685e-5,6.986710203493729e-6,2.5782972771226653e-6,6.142195878577894e-7
10.677618069815194,6.219648407412848e-7,8.354635017249201e-6,7.8480878353826e-6,1.52620508009349e-6,6.21385376819994e-7,6.220940987899937e-7,1.715150117254094e-5,7.068441582824825e-6,2.6090805276268725e-6,6.21385376819994e-7
10.746064339493497,6.291591938545338e-7,8.448313118081252e-6,7.936945237263515e-6,1.5433041573587047e-6,6.285739624356523e-7,6.29290246578762e-7,1.7350110043667932e-5,7.149658060923159e-6,2.6400061949871656e-6,6.285739624356523e-7
10.8145106091718,6.36375670937106e-7,8.541932153827148e-6,8.025295039626457e-6,1.560476357909124e-6,6.357846407123446e-7,6.365085264414816e-7,1.754822159594216e-5,7.230321368623116e-6,2.671070605697601e-6,6.357846407123446e-7
10.882956878850102,6.436135696619161e-7,8.635464941564308e-6,8.113097881956577e-6,1.5777197310828939e-6,6.430167102111639e-7,6.437482358290225e-7,1.7745766914156746e-5,7.310393087434086e-6,2.7022700295198376e-6,6.430167102111639e-7
10.951403148528405,6.508721837050757e-7,8.728884111297575e-6,8.200314253636876e-6,1.5950322973523612e-6,6.502694649412888e-7,6.510086679734073e-7,1.7942676702964455e-5,7.389834670745721e-6,2.7336006740430463e-6,6.502694649412888e-7
11.019849418206707,6.581508061875851e-7,8.822162126720379e-6,8.286904529475336e-6,1.6124120513216766e-6,6.575421992449648e-7,6.582891158846138e-7,1.8138881337614876e-5,7.468607478910982e-6,2.765058687792532e-6,6.575421992449648e-7
11.08829568788501,6.654487303414669e-7,8.915271302978311e-6,8.372828999458903e-6,1.629856963059062e-6,6.648342067983037e-7,6.655888726836423e-7,1.833431091369242e-5,7.546672810554433e-6,2.7966401614509806e-6,6.648342067983037e-7
11.156741957563312,6.727652475113644e-7,9.00818382287838e-6,8.458047900061771e-6,1.6473649759873865e-6,6.721447799451497e-7,6.72907229271047e-7,1.8528895294855907e-5,7.623991931882124e-6,2.828341125638012e-6,6.721447799451497e-7
11.225188227241615,6.800996499300993e-7,9.100871757650175e-6,8.54252144821821e-6,1.664934009215635e-6,6.794732115844582e-7,6.802434777686273e-7,1.872256416635132e-5,7.700526111986683e-6,2.860157554684939e-6,6.794732115844582e-7
11.293634496919918,6.874512268328914e-7,9.19330708204491e-6,8.626209872297785e-6,1.6825619546523285e-6,6.868187918396274e-7,6.875969070785359e-7,1.8915247084749787e-5,7.776236652601298e-6,2.8920853621938747e-6,6.868187918396274e-7
11.36208076659822,6.948192704525624e-7,9.285461699759523e-6,8.709073449963967e-6,1.7002466825566387e-6,6.941808136096128e-7,6.949668089895056e-7,1.9106873535901236e-5,7.85108492751263e-6,2.924120408365205e-6,6.941808136096128e-7
11.430527036276523,7.022030740211349e-7,9.377307461089224e-6,8.791072542924105e-6,1.7179860403171432e-6,7.015585711256378e-7,7.02352476844581e-7,1.929737298955736e-5,7.925032414868305e-6,2.956258497999187e-6,7.015585711256378e-7
11.498973305954825,7.096019275509846e-7,9.468816177804484e-6,8.872167626350347e-6,1.735777847566844e-6,7.089513552882565e-7,7.097532001010265e-7,1.948667494888756e-5,7.998040728818268e-6,2.988495376166078e-6,7.089513552882565e-7
11.567419575633128,7.170151244961787e-7,9.55995965223888e-6,8.952319332400371e-6,1.7536199036216615e-6,7.163584604397144e-7,7.171682721018868e-7,1.9674709014871894e-5,8.070071661148148e-6,3.0208267359776997e-6,7.163584604397144e-7
11.63586584531143,7.24441957866695e-7,9.650709691833015e-6,9.031488481636707e-6,1.7715099834836323e-6,7.23779180145101e-7,7.24596985524073e-7,1.986140493981381e-5,8.141087213364706e-6,3.053248215145743e-6,7.23779180145101e-7
11.704312114989733,7.318817220047791e-7,9.741038133781466e-6,9.10963612310578e-6,1.7894458401723767e-6,7.312128099679072e-7,7.320386344877861e-7,2.0046692688069356e-5,8.211049636330792e-6,3.0857553977581276e-6,7.312128099679072e-7
11.772758384668036,7.393337172478809e-7,9.83091687067894e-6,9.186723575416167e-6,1.8074252094990584e-6,7.386586511337612e-7,7.394925187753643e-7,2.023050249966296e-5,8.279921471232576e-6,3.1183438203852276e-6,7.386586511337612e-7
11.841204654346338,7.467972356067776e-7,9.920317857847749e-6,9.26271245105248e-6,1.82544579541144e-6,7.461159965416186e-7,7.469579307306518e-7,2.0412764936139638e-5,8.347665573893437e-6,3.151008957202883e-6,7.461159965416186e-7
11.90965092402464,7.54271581082655e-7,1.0009213155637298e-5,9.337564713662871e-6,1.8435052918652772e-6,7.535841511918662e-7,7.544341733556337e-7,2.059341096216638e-5,8.41424517139533e-6,3.1837462417527718e-6,7.535841511918662e-7
11.978097193702943,7.617560547901192e-7,1.0097574937195652e-5,9.411242703483147e-6,1.8616013667260844e-6,7.610624169762659e-7,7.61920547764916e-7,2.0772371991273353e-5,8.479623887835963e-6,3.216551052287464e-6,7.610624169762659e-7
12.046543463381246,7.692499566225308e-7,1.0185375512450356e-5,9.483709177082744e-6,1.8797316645446926e-6,7.685500948984014e-7,7.694163537408372e-7,2.094957995157909e-5,8.543765782964563e-6,3.249418714657004e-6,7.685500948984014e-7
12.114989733059549,7.767525989077484e-7,1.0272587364745789e-5,9.554927360766463e-6,1.897893820768104e-6,7.760464982853321e-7,7.769209031671664e-7,2.112496735973135e-5,8.606635406027685e-6,3.282344516075675e-6,7.760464982853321e-7
12.183436002737851,7.842632910870506e-7,1.0359183158170637e-5,9.624860973778127e-6,1.9160854457522802e-6,7.835509372444704e-7,7.84433504930071e-7,2.1298467370090002e-5,8.668197818861856e-6,3.315323690578076e-6,7.835509372444704e-7
12.251882272416154,7.917813400482032e-7,1.0445135761427693e-5,9.693474269600877e-6,1.934304126316455e-6,7.910627201068721e-7,7.919534659173166e-7,2.147001383812075e-5,8.728418636083646e-6,3.3483514205734366e-6,7.910627201068721e-7
12.320328542094456,7.993060608946223e-7,1.0530418281473608e-5,9.760732085584145e-6,1.9525474368453644e-6,7.985811628641315e-7,7.994801007882302e-7,2.1639541395446216e-5,8.787264075382772e-6,3.381422848391935e-6,7.985811628641315e-7
12.388774811772759,8.068367786107089e-7,1.061500408883198e-5,9.826599885132126e-6,1.970812940399469e-6,8.061055916108728e-7,8.070127345272127e-7,2.180698551357274e-5,8.844700997934218e-6,3.414533078061055e-6,8.061055916108728e-7
12.457221081451062,8.143728105203252e-7,1.0698866822811404e-5,9.891043779020059e-6,1.9890981728387658e-6,8.13635324337092e-7,8.145506835699479e-7,2.1972282552629174e-5,8.900696931379848e-6,3.4476771594293965e-6,8.13635324337092e-7
12.525667351129364,8.219134823850283e-7,1.0781980432028604e-5,9.954030582570716e-6,2.007400658032843e-6,8.21169688247636e-7,8.220932737890152e-7,2.2135369839970664e-5,8.955220124895469e-6,3.4808501049310436e-6,8.21169688247636e-7
12.594113620807665,8.294581244072674e-7,1.0864319193615302e-5,1.0015527850848471e-5,2.0257179055294117e-6,8.287080146551773e-7,8.296398348317524e-7,2.229618573101888e-5,9.008239585162059e-6,3.514046886698985e-6,8.287080146551773e-7
12.662559890485968,8.370060693430048e-7,1.0945857733313247e-5,1.0075503915962791e-5,2.044047407556704e-6,8.362496369818118e-7,8.371896992320771e-7,2.2454669669991212e-5,9.059725112003925e-6,3.547262435121823e-6,8.362496369818118e-7
12.73100616016427,8.445566588299869e-7,1.1026571058003753e-5,1.0133927933253517e-5,2.0623866475721897e-6,8.437938981975535e-7,8.44742208405691e-7,2.261076226084402e-5,9.109647345906247e-6,3.580491646726358e-6,8.437938981975535e-7
12.799452429842573,8.521092288438226e-7,1.1106434561591882e-5,1.0190769906048835e-5,2.0807330852745665e-6,8.51340135610279e-7,8.522966977730917e-7,2.276440531567836e-5,9.157977790774652e-6,3.6137293709659346e-6,8.51340135610279e-7
12.867898699520875,8.596631325685777e-7,1.1185424072635008e-5,1.0246000746394479e-5,2.0990841788082193e-6,8.588877031812103e-7,8.598525202963003e-7,2.2915541939561024e-5,9.204688874886457e-6,3.6469704327579677e-6,8.588877031812103e-7
12.936344969199178,8.672177183033369e-7,1.126351585478691e-5,1.0299592291707071e-5,2.1174373654453404e-6,8.66435950319655e-7,8.674090238303123e-7,2.306411657160279e-5,9.249753967766061e-6,3.6802096134991302e-6,8.66435950319655e-7
13.00479123887748,8.747723420077236e-7,1.1340686642657971e-5,1.0351517356177453e-5,2.1357900734653157e-6,8.739842344285265e-7,8.749655643347509e-7,2.3210075058566204e-5,9.293147429478843e-6,3.71344166349985e-6,8.739842344285265e-7
13.073237508555783,8.823263700774575e-7,1.141691366568498e-5,1.0401749768518265e-5,2.1541397241531257e-6,8.815319226807006e-7,8.825215073171577e-7,2.335336471792626e-5,9.334844649488971e-6,3.7466613055370246e-6,8.815319226807006e-7
13.141683778234086,8.898791673539463e-7,1.1492174660232557e-5,1.0450264399386455e-5,2.172483723361651e-6,8.890783813608749e-7,8.900762177299626e-7,2.3493934386831228e-5,9.374822072638622e-6,3.7798632263053022e-6,8.890783813608749e-7
13.210130047912388,8.974301081154934e-7,1.1566447901234511e-5,1.049703720612527e-5,2.1908194706155015e-6,8.966229858575758e-7,8.976290694073796e-7,2.3631734491047496e-5,9.413057244000989e-6,3.8130420856319347e-6,8.966229858575758e-7
13.27857631759069,9.049785706372049e-7,1.1639712218847187e-5,1.0542045263739475e-5,2.2091443537819444e-6,9.041651153340879e-7,9.051794399583812e-7,2.376671709736211e-5,9.449528838634258e-6,3.8461925143673525e-6,9.041651153340879e-7
13.347022587268993,9.125239391893913e-7,1.171194702243028e-5,1.0585266801754756e-5,2.22745575506611e-6,9.11704155615034e-7,9.12726713653278e-7,2.389883597375686e-5,9.48421669855204e-6,3.879309117937879e-6,9.11704155615034e-7
13.415468856947296,9.200656045926792e-7,1.1783132320197787e-5,1.0626681237080327e-5,2.245751047902367e-6,9.192394984092189e-7,9.202702809796293e-7,2.402804664347613e-5,9.517101864586763e-6,3.912386476456753e-6,9.192394984092189e-7
13.483915126625599,9.276029641069883e-7,1.185324874086735e-5,1.066626920753766e-5,2.2640276003960125e-6,9.267705423088302e-7,9.27809538420199e-7,2.4154306440093976e-5,9.54816661002944e-6,3.945419147943774e-6,9.267705423088302e-7
13.552361396303901,9.35135420654376e-7,1.1922277552534055e-5,1.0704012602946733e-5,2.2822827742130514e-6,9.342966914571704e-7,9.353438888970445e-7,2.4277574559472548e-5,9.57739446949546e-6,3.978401667770193e-6,9.342966914571704e-7
13.620807665982204,9.426623815977919e-7,1.1990200680322971e-5,1.0739894593214672e-5,2.300513923692016e-6,9.418173545494568e-7,9.428727395510705e-7,2.4397812108500894e-5,9.604770268789586e-6,4.011328549435866e-6,9.418173545494568e-7
13.689253935660506,9.501832676228616e-7,1.2057000734366774e-5,1.0773899667748665e-5,2.3187184055029064e-6,9.493319531594935e-7,9.503955102907469e-7,2.4514982164158816e-5,9.630280161987415e-6,4.044194294561265e-6,9.493319531594935e-7
13.757700205338809,9.576975013025901e-7,1.212266101624504e-5,1.0806013651998292e-5,2.336893568211096e-6,9.56839911192553e-7,9.57911623578056e-7,2.46290498094881e-5,9.653911647422575e-6,4.076993383450578e-6,9.56839911192553e-7
13.826146475017111,9.652045088737182e-7,1.2187165539079281e-5,1.0836223736210293e-5,2.3550367551639084e-6,9.643406562176438e-7,9.654205052056497e-7,2.473998218088802e-5,9.675653596996625e-6,4.10972027842238e-6,9.643406562176438e-7
13.894592744695414,9.727037297846408e-7,1.2250499052957053e-5,1.0864518510289578e-5,2.3731453130393376e-6,9.71833628904406e-7,9.729215942888558e-7,2.4847748521183988e-5,9.695496289152672e-6,4.142369434467774e-6,9.71833628904406e-7
13.963039014373717,9.80194611255314e-7,1.2312647055923165e-5,1.0890887982784037e-5,2.3912165887374215e-6,9.79318277583019e-7,9.804143376035412e-7,2.4952320215820833e-5,9.71343142752712e-6,4.174935295697679e-6,9.79318277583019e-7
14.03148528405202,9.876766012828497e-7,1.2373595802639414e-5,1.0915323596649706e-5,2.4092479226078822e-6,9.867940515828622e-7,9.878981828137512e-7,2.5053670825392338e-5,9.729452156381768e-6,4.207412290235801e-6,9.867940515828622e-7
14.099931553730322,9.951491586335237e-7,1.2433332328698476e-5,1.093781826044804e-5,2.4272366587752003e-6,9.942604107804343e-7,9.95372588241672e-7,2.515177613238162e-5,9.743553091245971e-6,4.23979484154291e-6,9.942604107804343e-7
14.168377823408624,1.002611754397087e-6,1.2491844466389068e-5,1.095836636977321e-5,2.4451801484692837e-6,1.0017168278197985e-6,1.00283702475501e-6,2.524661417790952e-5,9.755730338567581e-6,4.272077372302618e-6,1.0017168278197985e-6
14.236824093086927,1.0100638582200006e-6,1.2549120842919592e-5,1.0976963810471752e-5,2.463075735259501e-6,1.0091627732355946e-6,1.0102909616671596e-6,2.5338165279609193e-5,9.765981499931797e-6,4.30425429120973e-6,1.0091627732355946e-6
14.30527036276523,1.0175049548477588e-6,1.2605150910061091e-5,1.0993607993170507e-5,2.4809207743725636e-6,1.0165977332166065e-6,1.0177338830574811e-6,2.5426412078255467e-5,9.774305703702524e-6,4.336320012732209e-6,1.0165977332166065e-6
14.373716632443532,1.0249345332447035e-6,1.2659924943925205e-5,1.100829785583013e-5,2.498712621146204e-6,1.0240211980594438e-6,1.0251652777792941e-6,2.5511339554085133e-5,9.78070360901917e-6,4.368268947119169e-6,1.0240211980594438e-6
14.442162902121835,1.0323520933663843e-6,1.271343406195058e-5,1.102103388306297e-5,2.516448639244828e-6,1.0314326687188569e-6,1.0325846454550813e-6,2.5592935057550115e-5,9.78517742300511e-6,4.400095509171642e-6,1.0314326687188569e-6
14.510609171800137,1.0397571391651539e-6,1.276567022534536e-5,1.1031818110907032e-5,2.534126194331243e-6,1.0388316508125328e-6,1.0399914894820839e-6,2.567118832419446e-5,9.787730905541636e-6,4.431794113468612e-6,1.0388316508125328e-6
14.57905544147844,1.0471491874719518e-6,1.2816626255296448e-5,1.1040654144145456e-5,2.5517426632815088e-6,1.0462176619485675e-6,1.0473853263581745e-6,2.574609150152174e-5,9.788369384811091e-6,4.463359184359028e-6,1.0462176619485675e-6
14.647501711156742,1.05452775955861e-6,1.28662958339687e-5,1.1047547155196291e-5,2.5692954277456437e-6,1.0535902248420825e-6,1.054765677022118e-6,2.5817639157765804e-5,9.78709975696379e-6,4.494785150299663e-6,1.0535902248420825e-6
14.715947980835045,1.0618923877991904e-6,1.2914673514607955e-5,1.105250389588086e-5,2.5867818802538523e-6,1.0609488730883854e-6,1.0621320731818429e-6,2.5885828300098446e-5,9.783930495776971e-6,4.526066451959743e-6,1.0609488730883854e-6
14.784394250513348,1.069242611895227e-6,1.29617547253158e-5,1.1055532696979675e-5,2.60419942255119e-6,1.0682931479433222e-6,1.0694840545388828e-6,2.5950658381290737e-5,9.77887165187763e-6,4.557197540777658e-6,1.0682931479433222e-6
14.852840520191648,1.0765779758781235e-6,1.300753576805036e-5,1.105664346578994e-5,2.621545462488939e-6,1.0756225943264752e-6,1.0768211649025972e-6,2.6012131302488584e-5,9.771934849411856e-6,4.588172877739716e-6,1.0756225943264752e-6
14.921286789869951,1.0838980424310307e-6,1.3052013837500098e-5,1.1055847699226184e-5,2.6388174295677302e-6,1.0829367762532627e-6,1.0841429659569357e-6,2.6070251432197544e-5,9.763133299145466e-6,4.618986949034287e-6,1.0829367762532627e-6
14.989733059548254,1.091202373126876e-6,1.3095187002543085e-5,1.1053158462392965e-5,2.6560127563968194e-6,1.0902352566288798e-6,1.0914490193858484e-6,2.612502558618779e-5,9.75248177503829e-6,4.6496342496205045e-6,1.0902352566288798e-6
15.058179329226556,1.0984905458588656e-6,1.3137054223899547e-5,1.1048590399020952e-5,2.673128895791521e-6,1.0975176146788002e-6,1.0987389025274297e-6,2.6176463041593934e-5,9.739996624569258e-6,4.680109301991031e-6,1.0975176146788002e-6
15.126625598904859,1.1057621407406515e-6,1.3177615340254079e-5,1.1042159710927812e-5,2.6901633095599564e-6,1.104783431293832e-6,1.1060121951622648e-6,2.622457551715307e-5,9.725695746976015e-6,4.710406643626541e-6,1.104783431293832e-6
15.195071868583161,1.1130167508754951e-6,1.3216871077470493e-5,1.1033884159350471e-5,2.707113478384038e-6,1.112032301464616e-6,1.1132684901715706e-6,2.6269377174648056e-5,9.709598594698221e-6,4.740520841317597e-6,1.112032301464616e-6
15.263518138261464,1.12025397669413e-6,1.3254823039821062e-5,1.1023783046626434e-5,2.723976897711644e-6,1.119263826510064e-6,1.1205073873199467e-6,2.6310884600144746e-5,9.691726153171487e-6,4.770446485835578e-6,1.119263826510064e-6
15.331964407939767,1.1274734289523636e-6,1.3291473708876289e-5,1.1011877206534848e-5,2.740751081753423e-6,1.126477618407229e-6,1.1277284972521784e-6,2.634911679000318e-5,9.672100930613325e-6,4.800178198594018e-6,1.126477618407229e-6
15.40041067761807,1.1346747278428992e-6,1.3326826437953798e-5,1.0998188986199864e-5,2.757433563260747e-6,1.1336732985700593e-6,1.1349314397168797e-6,2.638409513233686e-5,9.650746939815491e-6,4.829710631537587e-6,1.1336732985700593e-6
15.468856947296372,1.1418574972221762e-6,1.3360885440127923e-5,1.0982742222886976e-5,2.774021889084821e-6,1.140850492187262e-6,1.1421158381264007e-6,2.6415843376703663e-5,9.62768967294192e-6,4.859038464699594e-6,1.140850492187262e-6
15.537303216974674,1.1490213780440683e-6,1.3393655793558779e-5,1.0965562236231463e-5,2.7905136342765147e-6,1.148008841322934e-6,1.1492813331015483e-6,2.644438762222645e-5,9.602956094201254e-6,4.888156421190004e-6,1.148008841322934e-6
15.605749486652977,1.1561660164804977e-6,1.3425143421619268e-5,1.0946675794154537e-5,2.8069063904290203e-6,1.1551479931481978e-6,1.1564275702591331e-6,2.6469756275848688e-5,9.576574604097665e-6,4.917059257203427e-6,1.1551479931481978e-6
15.67419575633128,1.1632910668080143e-6,1.3455355086122722e-5,1.0926111091436042e-5,2.823197771228969e-6,1.1622676037159607e-6,1.1635542040977498e-6,2.649198002335762e-5,9.548575016893324e-6,4.945741768236367e-6,1.1622676037159607e-6
15.742642026009582,1.1703961949605102e-6,1.3484298378996229e-5,1.090389772495648e-5,2.839385415009943e-6,1.1693673396262483e-6,1.1706608995520895e-6,2.6511091794967356e-5,9.51898853651656e-6,4.974198792973006e-6,1.1693673396262483e-6
15.811088295687885,1.1774810753095721e-6,1.3511981707625687e-5,1.0880066662721788e-5,2.855466983642252e-6,1.1764468764718927e-6,1.1777473309937392e-6,2.6527126724795735e-5,9.487847722811082e-6,5.002425214062356e-6,1.1764468764718927e-6
15.879534565366187,1.1845453892211921e-6,1.3538414280755973e-5,1.0854650210889716e-5,2.8714401620888452e-6,1.1835058971731982e-6,1.1848131794556238e-6,2.6540122105900288e-5,9.455186459672582e-6,5.030415958118262e-6,1.1835058971731982e-6
15.94798083504449,1.1915888299407484e-6,1.3563606097277692e-5,1.0827681984904025e-5,2.8873026634013144e-6,1.1905440956416768e-6,1.1918581376280102e-6,2.655011734942203e-5,9.421039923518393e-6,5.058166002269715e-6,1.1905440956416768e-6
16.01642710472279,1.1986111018158496e-6,1.3587567932127342e-5,1.0799196874411443e-5,2.9030522294970496e-6,1.1975611776682271e-6,1.19888190952544e-6,2.655715393551361e-5,9.38544454931467e-6,5.085670376936413e-6,1.1975611776682271e-6
16.084873374401095,1.2056119127468179e-6,1.3610311311085255e-5,1.0769230998075585e-5,2.918686624608924e-6,1.2045568523744166e-6,1.2058842031592576e-6,2.6561275353609304e-5,9.348437982614755e-6,5.112924159056398e-6,1.2045568523744166e-6
16.153319644079396,1.2125909859550532e-6,1.3631848503892208e-5,1.0737821675710357e-5,2.9342036472757016e-6,1.2115308437588013e-6,1.2128647408626847e-6,2.6562527059015295e-5,9.310059052580755e-6,5.139922486852022e-6,1.2115308437588013e-6
16.2217659137577,1.2195480501020484e-6,1.3652192497826121e-5,1.070500737787583e-5,2.9496011221263885e-6,1.2184828817041193e-6,1.2198232509641471e-6,2.6560956405741187e-5,9.270347719803063e-6,5.166660552058389e-6,1.2184828817041193e-6
16.290212183436,1.226482841176768e-6,1.3671356979161331e-5,1.0670827685799189e-5,2.9648769029888555e-6,1.2254127034205808e-6,1.2267594694526096e-6,2.6556612588990447e-5,9.229345035333125e-6,5.193133604697309e-6,1.2254127034205808e-6
16.358658453114305,1.2333951096010765e-6,1.368935631873569e-5,1.063532325173977e-5,2.980028879773222e-6,1.2323200604402729e-6,1.233673146305847e-6,2.654954658654063e-5,9.187093101714616e-6,5.219336960071708e-6,1.2323200604402729e-6
16.427104722792606,1.240284615899867e-6,1.3706205547192596e-5,1.0598535750028226e-5,2.995054975807321e-6,1.2392047141762674e-6,1.2405640414936414e-6,2.653981108990955e-5,9.143635021024998e-6,5.245265999653803e-6,1.2392047141762674e-6
16.49555099247091,1.2471511229295018e-6,1.3721920324449854e-5,1.0560507821000265e-5,3.0099531413974034e-6,1.2460664287061718e-6,1.2474319178723547e-6,2.6527460428860117e-5,9.099014839919484e-6,5.270916163424566e-6,1.2460664287061718e-6
16.56399726214921,1.2539944055367513e-6,1.3736516925821896e-5,1.0521283030806572e-5,3.0247213633760595e-6,1.2529049799869796e-6,1.2542765499556907e-6,2.6512550508450694e-5,9.053277507886648e-6,5.296282962974352e-6,1.2529049799869796e-6
16.632443531827516,1.2608142575532e-6,1.3750012224700292e-5,1.048090582678185e-5,3.039357673650933e-6,1.2597201626274313e-6,1.2610977311311444e-6,2.6495138743865e-5,9.006468831507242e-6,5.32136198905242e-6,1.2597201626274313e-6
16.700889801505816,1.2676104583775327e-6,1.3762423634489096e-5,1.0439421452734798e-5,3.053860116675189e-6,1.2665117570254125e-6,1.2678952403533117e-6,2.6475283951277184e-5,8.958635390077241e-6,5.346148882034996e-6,1.2665117570254125e-6
16.76933607118412,1.2743828278205527e-6,1.3773769137359615e-5,1.039687594972527e-5,3.068226805180707e-6,1.2732795842129718e-6,1.2746688974329956e-6,2.64530463257584e-5,8.909824534941713e-6,5.370639388657672e-6,1.2732795842129718e-6
16.83778234086242,1.2811311698168737e-6,1.3784067202426975e-5,1.0353316044264815e-5,3.0824558648889777e-6,1.2800234490129014e-6,1.2814185057496985e-6,2.642848730460834e-5,8.860084276474112e-6,5.394829306504256e-6,1.2800234490129014e-6
16.906228610540726,1.287855309395347e-6,1.3793336794187816e-5,1.0308789128776752e-5,3.096545471592549e-6,1.2867431772312088e-6,1.2881438902212494e-6,2.6401669523612448e-5,8.8094632657576e-6,5.418714524640933e-6,1.2867431772312088e-6
16.974674880219027,1.2945550675880213e-6,1.3801597321227987e-5,1.0263343180660911e-5,3.1104938283954553e-6,1.2934385911211876e-6,1.2948448714356076e-6,2.6372656709350295e-5,8.758010710097075e-6,5.4422910000795355e-6,1.2934385911211876e-6
17.04312114989733,1.301230294847855e-6,1.3808868639886285e-5,1.0217026736092372e-5,3.124299198686842e-6,1.300109542023975e-6,1.3015212998457315e-6,2.6341513627348156e-5,8.70577634892733e-6,5.465554793082639e-6,1.300109542023975e-6
17.111567419575632,1.3078808347444237e-6,1.3815170990305603e-5,1.0169888795097393e-5,3.137959871057916e-6,1.3067558742863028e-6,1.3081730184660856e-6,2.630830596039857e-5,8.652810356557517e-6,5.488502032857667e-6,1.3067558742863028e-6
17.180013689253936,1.314506547833716e-6,1.3820524990659777e-5,1.0121978785582186e-5,3.1514741843929883e-6,1.3133774493523376e-6,1.3147998876306133e-6,2.627310024594376e-5,8.599163306088897e-6,5.5111289443132705e-6,1.3133774493523376e-6
17.248459958932237,1.3211073024432807e-6,1.3824951598184754e-5,1.0073346493832958e-5,3.1648405194317775e-6,1.319974136437807e-6,1.321401775333797e-6,2.6235963777598847e-5,8.544886099137727e-6,5.533431839843672e-6,1.319974136437807e-6
17.31690622861054,1.3276829684549796e-6,1.3828472073651454e-5,1.0024041996903321e-5,3.178057292885228e-6,1.326545806312751e-6,1.3279785516795428e-6,2.6196964511338017e-5,8.490029897889606e-6,5.5554071161090235e-6,1.326545806312751e-6
17.385352498288842,1.3342334269639267e-6,1.3831107959161315e-5,9.974115610544843e-6,3.191122968315696e-6,1.3330923407384176e-6,1.3345300968747864e-6,2.6156170983449023e-5,8.434646071808771e-6,5.577051264027411e-6,1.3330923407384176e-6
17.453798767967147,1.3407585811586742e-6,1.3832881060382718e-5,9.923617838580867e-6,3.2040360679053137e-6,1.3396136437915374e-6,1.3410563138860354e-6,2.6113652233261675e-5,8.378786147344996e-6,5.598360883873887e-6,1.3396136437915374e-6
17.522245037645447,1.3472583203499866e-6,1.383381337949352e-5,9.872599275206895e-6,3.2167951372619186e-6,1.346109605671053e-6,1.3475570924681435e-6,2.6069477675583208e-5,8.32250170901272e-6,5.619332649753339e-6,1.346109605671053e-6
17.590691307323752,1.3537325624923824e-6,1.3833927125173062e-5,9.821110584340431e-6,3.229398787940596e-6,1.3525801447755725e-6,1.3540323495764284e-6,2.6023717051515405e-5,8.265844378407827e-6,5.639963353787358e-6,1.3525801447755725e-6
17.659137577002053,1.360181219656198e-6,1.3833244650318655e-5,9.769202403919763e-6,3.2418456654692562e-6,1.3590251743966775e-6,1.3604819975032711e-6,2.5976440304442683e-5,8.208865717729275e-6,5.660249874916978e-6,1.3590251743966775e-6
17.727583846680357,1.3666042231186282e-6,1.383178844294175e-5,9.716925308156377e-6,3.2541344727743393e-6,1.3654446262556519e-6,1.3669059671927997e-6,2.5927717512641557e-5,8.151617191698435e-6,5.6801892045488245e-6,1.3654446262556519e-6
17.796030116358658,1.3730015080426483e-6,1.3829581082758224e-5,9.664329730374455e-6,3.2662639575242736e-6,1.3718384359595603e-6,1.3733041934749224e-6,2.5877618784475587e-5,8.094150090176555e-6,5.699778432566305e-6,1.3718384359595603e-6
17.864476386036962,1.3793730107014568e-6,1.3826645206549415e-5,9.611465899728167e-6,3.2782329097980067e-6,1.378206540780802e-6,1.3796766126228377e-6,2.5826214164914596e-5,8.036515464104887e-6,5.719014748550855e-6,1.378206540780802e-6
17.932922655715263,1.3857186906829355e-6,1.3823003499724429e-5,9.558383800900572e-6,3.2900401839563997e-6,1.3845489008623701e-6,1.3860231838913606e-6,2.5773573569032315e-5,7.978764084759504e-6,5.737895463431286e-6,1.3845489008623701e-6
18.001368925393567,1.3920385021348736e-6,1.3818678638255477e-5,9.505133086173956e-6,3.301684671663807e-6,1.3908654707961432e-6,1.3923438612062355e-6,2.571976666287945e-5,7.920946355044478e-6,5.756417983171502e-6,1.3908654707961432e-6
18.069815195071868,1.3983324077537773e-6,1.3813693271913507e-5,9.451763028689442e-6,3.3131653157658647e-6,1.397156214166806e-6,1.398638607263969e-6,2.5664862791763277e-5,7.863112263306604e-6,5.774579825423842e-6,1.397156214166806e-6
18.138261464750173,1.4046003942169705e-6,1.3808070010834506e-5,9.398322479481358e-6,3.3244811269428354e-6,1.4034211179847489e-6,1.4049074084088176e-6,2.5608930907528027e-5,7.805311339037502e-6,5.792378634739137e-6,1.4034211179847489e-6
18.206707734428473,1.4108424333247882e-6,1.3801831356574645e-5,9.344859769777614e-6,3.3356311454069143e-6,1.4096601546054188e-6,1.411150236219072e-6,2.555203944476503e-5,7.747592555396032e-6,5.809812146373439e-6,1.4096601546054188e-6
18.275154004106774,1.4170585239670075e-6,1.3794999716876255e-5,9.29142269712191e-6,3.3466144829796818e-6,1.4158733234737042e-6,1.4173670895845092e-6,2.5494256279401384e-5,7.690004314442334e-6,5.8268782300308075e-6,1.4158733234737042e-6
18.34360027378508,1.4232486558185542e-6,1.3787597339942614e-5,9.23805843244807e-6,3.3574302882311002e-6,1.4220606147086201e-6,1.4235579578469881e-6,2.5435648610461215e-5,7.632594353990108e-6,5.843574854114131e-6,1.4220606147086201e-6
18.41204654346338,1.4294128393155248e-6,1.3779646317879646e-5,9.184813494322874e-6,3.3680777760114466e-6,1.4282220393013745e-6,1.4297228516646499e-6,2.5376282907996206e-5,7.575409722626603e-6,5.859900117699546e-6,1.4282220393013745e-6
18.480492813141684,1.4355510867813948e-6,1.3771168540066547e-5,9.131733679113019e-6,3.3785562101318334e-6,1.4343576099085098e-6,1.4358617828058584e-6,2.5316224817606425e-5,7.51849670721505e-6,5.875852233439005e-6,1.4343576099085098e-6
18.548939082819984,1.441663424972539e-6,1.3762185680388228e-5,9.078864018685628e-6,3.388864915354617e-6,1.4404673536194679e-6,1.4419747780269887e-6,2.5255539095603297e-5,7.461900793148679e-6,5.89142953977273e-6,1.4404673536194679e-6
18.61738535249829,1.4477498659903887e-6,1.3752719142168246e-5,9.02624870313673e-6,3.399003250081911e-6,1.4465512828687466e-6,1.4480618493184494e-6,2.5194289505869882e-5,7.405666584525683e-6,5.9066304755051036e-6,1.4465512828687466e-6
18.68583162217659,1.4538104582406675e-6,1.3742790084925183e-5,8.973931082345565e-6,3.4089706570927802e-6,1.4526094469502482e-6,1.4541230451969867e-6,2.5132538799765847e-5,7.349837806924775e-6,5.92145363043084e-6,1.4526094469502482e-6
18.754277891854894,1.4598452350300661e-6,1.3732419348544411e-5,8.921953566054519e-6,3.4187666116958226e-6,1.458641878615552e-6,1.4601583984141797e-6,2.5070348594002922e-5,7.294457206374894e-6,5.935897694708814e-6,1.458641878615552e-6
18.822724161533195,1.4658542535350705e-6,1.3721627470264508e-5,8.870357619650271e-6,3.4283906634735573e-6,1.4646486360403443e-6,1.4661679664795813e-6,2.5007779344665693e-5,7.239566545913512e-6,5.9499615004954265e-6,1.4646486360403443e-6
18.8911704312115,1.4718375630495828e-6,1.3710434630165302e-5,8.819183687447385e-6,3.437842402309599e-6,1.4706297684075054e-6,1.472151798465049e-6,2.4944890250178098e-5,7.18520652720489e-6,5.96364398997018e-6,1.4706297684075054e-6
18.9596167008898,1.477795221527245e-6,1.3698860647060052e-5,8.768471168374425e-6,3.4471214773734715e-6,1.4765853341147661e-6,1.4781099522132024e-6,2.488173920767167e-5,7.131416767780507e-6,5.976944233432313e-6,1.4765853341147661e-6
19.028062970568104,1.483727307127758e-6,1.3686924970057746e-5,8.718258387330202e-6,3.4562276078897725e-6,1.4825154112108052e-6,1.484042505661698e-6,2.4818382766467195e-5,7.07823577128508e-6,5.989861441957345e-6,1.4825154112108052e-6
19.096509240246405,1.4896338872416592e-6,1.3674646628381026e-5,8.668582527460167e-6,3.4651605527180607e-6,1.4884200675302495e-6,1.4899495264231177e-6,2.4754876041255258e-5,7.025700860197048e-6,6.002394936310829e-6,1.4884200675302495e-6
19.16495550992471,1.4955150531292816e-6,1.366204424879669e-5,8.619479629601301e-6,3.4739201457689717e-6,1.4942993944444538e-6,1.4958311055357498e-6,2.469127269633109e-5,6.973848174052222e-6,6.014544184140824e-6,1.4942993944444538e-6
19.23340177960301,1.5013708785094337e-6,1.3649135996329775e-5,8.570984517008995e-6,3.482506254370854e-6,1.5001534657832494e-6,1.5016873169404477e-6,2.462762485433423e-5,6.9227125953919e-6,6.0263087576784e-6,1.5001534657832494e-6
19.301848049281315,1.5072014659667232e-6,1.3635939606349012e-5,8.52313081134426e-6,3.4909188258991364e-6,1.5059823841312436e-6,1.5075182627777295e-6,2.4563983098024877e-5,6.872327765750086e-6,6.037688381477224e-6,1.5059823841312436e-6
19.370294318959616,1.5130069143109992e-6,1.3622472335828029e-5,8.475950871389415e-6,3.4991578558019043e-6,1.511786248409308e-6,1.5133240423015337e-6,2.4500396395787938e-5,6.822726023703041e-6,6.048682900883229e-6,1.511786248409308e-6
19.43874058863792,1.5187873305677613e-6,1.3608750963900462e-5,8.429475779281326e-6,3.507223399590309e-6,1.5175651657539646e-6,1.519104762204293e-6,2.4436912075098682e-5,6.773938390436385e-6,6.059292293469909e-6,1.5175651657539646e-6
19.50718685831622,1.524542817765706e-6,1.3594791765103587e-5,8.383735303651996e-6,3.515115560515092e-6,1.523319238860843e-6,1.5248605254036818e-6,2.4373575775227252e-5,6.725994534773072e-6,6.069516658602225e-6,1.523319238860843e-6
19.575633127994525,1.5302735058009276e-6,1.3580610532248905e-5,8.338757909731598e-6,3.5228345208748735e-6,1.529048597959104e-6,1.5305914620178385e-6,2.4310431447682745e-5,6.678922782166197e-6,6.07935624807876e-6,1.529048597959104e-6
19.644079397672826,1.535979507139018e-6,1.3566222519800775e-5,8.29457069595474e-6,3.5303804986064335e-6,1.5347533552922954e-6,1.5362976846233778e-6,2.4247521282605433e-5,6.632750051194236e-6,6.088811422166884e-6,1.5347533552922954e-6
19.71252566735113,1.5416609528973169e-6,1.3551642473186298e-5,8.251199412945276e-6,3.53775378147958e-6,1.5404336418667341e-6,1.541979324004572e-6,2.418488572197841e-5,6.587501873323021e-6,6.097882686240119e-6,1.5404336418667341e-6
19.78097193702943,1.547317984407215e-6,1.3536884611364819e-5,8.208668441644917e-6,3.5449547208799004e-6,1.5460895990138113e-6,1.547636522158946e-6,2.412256343031771e-5,6.5432023708122955e-6,6.106570682562484e-6,1.5460895990138113e-6
19.849418206707735,1.5529507335632076e-6,1.3521962603291193e-5,8.167000761227783e-6,3.551983710492479e-6,1.5517213581839329e-6,1.5532694103148614e-6,2.406059125714677e-5,6.49987422485232e-6,6.114876170193462e-6,1.5517213581839329e-6
19.917864476386036,1.558559340253396e-6,1.3506889578684955e-5,8.126217957982185e-6,3.5588412052867113e-6,1.5573290593762223e-6,1.5588781288045084e-6,2.3999004242769573e-5,6.457538684889741e-6,6.1228000440838315e-6,1.5573290593762223e-6
19.98631074606434,1.5641439546909552e-6,1.3491678127919293e-5,8.086340221424848e-6,3.5655277228485716e-6,1.562912852470788e-6,1.5644628280631068e-6,2.3937835609721958e-5,6.416215563409544e-6,6.1303433356307835e-6,1.562912852470788e-6
20.05475701574264,1.5697047338614212e-6,1.3476340295137668e-5,8.047386334419926e-6,3.5720438394948317e-6,1.5684728943421433e-6,1.570023664632103e-6,2.3877116752779592e-5,6.375923229051672e-6,6.137507210346449e-6,1.5684728943421433e-6
20.123203285420946,1.5752418370817978e-6,1.3460887573812919e-5,8.009373668960151e-6,3.5783901868313706e-6,1.5740093437521807e-6,1.5755607983836128e-6,2.3816877232962774e-5,6.33667860017173e-6,6.1442929623067855e-6,1.5740093437521807e-6
20.191649555099247,1.580755427665892e-6,1.344533090696931e-5,7.972318187055016e-6,3.584567452308285e-6,1.5795223636816402e-6,1.5810743924093984e-6,2.37571447798679e-5,6.298497146617343e-6,6.150702016816112e-6,1.5795223636816402e-6
20.26009582477755,1.5862456674842207e-6,1.3429680684962086e-5,7.936234439398504e-6,3.5905763747789976e-6,1.5850121161120612e-6,1.5865646089130436e-6,2.369794529000213e-5,6.2613928896171345e-6,6.15673592418986e-6,1.5850121161120612e-6
20.32854209445585,1.591712731618955e-6,1.3413946760354456e-5,7.90113558379879e-6,3.5964177577119116e-6,1.5904787754594807e-6,1.5920316230877418e-6,2.36393028502091e-5,6.225378419100203e-6,6.162396373632362e-6,1.5904787754594807e-6
20.396988364134156,1.5971567958183996e-6,1.3398138440257057e-5,7.867033380626332e-6,3.602092457088979e-6,1.5959225170281144e-6,1.5974756106817978e-6,2.35812397346713e-5,6.190464890587499e-6,6.167685181135418e-6,1.5959225170281144e-6
20.465434633812457,1.6025780337214357e-6,1.3382264487105111e-5,7.833938200918489e-6,3.60760137896321e-6,1.6013435141237764e-6,1.6028967454451148e-6,2.3523776418898912e-5,6.156662032741345e-6,6.1726042853704755e-6,1.6013435141237764e-6
20.533880903490758,1.607976643502873e-6,1.3366333152409204e-5,7.801859063016892e-6,3.612945504216647e-6,1.6067419643661651e-6,1.6082952256635252e-6,2.346693162180724e-5,6.123978185001988e-6,6.1771557743339756e-6,1.6067419643661651e-6
20.602327173169062,1.6133527985795482e-6,1.3350352133234544e-5,7.770803599371767e-6,3.618125841264863e-6,1.61211804083905e-6,1.6136712250869323e-6,2.341072227896035e-5,6.092420264280918e-6,6.1813418362755e-6,1.61211804083905e-6
20.670773442847363,1.6187067028994306e-6,1.3334328635150605e-5,7.740778126597014e-6,3.6231434791256234e-6,1.6174719469352894e-6,1.6190249478853502e-6,2.3355163620286667e-5,6.061993836126156e-6,6.185164812322341e-6,1.6174719469352894e-6
20.739219712525667,1.6240385484200814e-6,1.3318269338702393e-5,7.711787621489385e-6,3.6279995456744984e-6,1.6228038740573325e-6,1.6243565859053177e-6,2.330026915464689e-5,6.032703089742242e-6,6.188627154624093e-6,1.6228038740573325e-6
20.807665982203968,1.6293485246565709e-6,1.3302180418950371e-5,7.683835751448598e-6,3.6326952158605152e-6,1.6281140111651382e-6,1.6296663291059943e-6,2.324605070969099e-5,6.004550870741809e-6,6.191731435567505e-6,1.6281140111651382e-6
20.876112251882272,1.6346368388875376e-6,1.328606757544648e-5,7.65692491577763e-6,3.6372317328003945e-6,1.6334025648712114e-6,1.6349543846549963e-6,2.3192518482706426e-5,5.977538721002595e-6,6.194480365095956e-6,1.6334025648712114e-6
20.944558521560573,1.6399037030545571e-6,1.3269936031901075e-5,7.631056257451085e-6,3.6416103930125843e-6,1.638669746562016e-6,1.6402209650490107e-6,2.313968106415487e-5,5.951666891990115e-6,6.196876778830074e-6,1.638669746562016e-6
21.013004791238878,1.6451493248803573e-6,1.3253790537959276e-5,7.6062296784362715e-6,3.645832537868543e-6,1.643915763294146e-6,1.645466277899743e-6,2.308754546431757e-5,5.926934360411806e-6,6.198923626965502e-6,1.643915763294146e-6
21.08145106091718,1.6503739116435767e-6,1.3237635387519653e-5,7.582443872444777e-6,3.649899556812386e-6,1.6491408217911285e-6,1.650690530818899e-6,2.3036117158037328e-5,5.9033388611906545e-6,6.200623977159481e-6,1.6491408217911285e-6
21.149897330595483,1.655577681169973e-6,1.3221474442492998e-5,7.559696362902102e-6,3.6538128973528927e-6,1.6543451388795205e-6,1.6558939420763252e-6,2.2985400136454892e-5,5.880876926322998e-6,6.201981024078762e-6,1.6543451388795205e-6
21.218343600273784,1.6607608471774782e-6,1.3205311132913344e-5,7.537983519934066e-6,3.6575740502975407e-6,1.6595289276111203e-6,1.6610767251679093e-6,2.293539693665192e-5,5.859543901753916e-6,6.2029980741895585e-6,1.6595289276111203e-6
21.286789869952088,1.6659236372618125e-6,1.3189148490910796e-5,7.51730060988276e-6,3.661184567627096e-6,1.6646924151375586e-6,1.666239108355505e-6,2.288610870582186e-5,5.839333998003404e-6,6.203678562188841e-6,1.6646924151375586e-6
21.35523613963039,1.6710662671393095e-6,1.3172989138388047e-5,7.497641801190724e-6,3.664646034740038e-6,1.6698358160649462e-6,1.6713813074664685e-6,2.2837535222475225e-5,5.820240296605661e-6,6.204026023359788e-6,1.6698358160649462e-6
21.423682409308693,1.6761889634064886e-6,1.3156835328764771e-5,7.479000223020726e-6,3.6679600941003088e-6,1.6749593562126464e-6,1.6765035493193636e-6,2.2789674968493046e-5,5.802254808284779e-6,6.204044115332152e-6,1.6749593562126464e-6
21.492128678986994,1.6812919548803151e-6,1.3140688952972823e-5,7.461367990679868e-6,3.6711284352453077e-6,1.6800632637314905e-6,1.6816060629532004e-6,2.2742525171204342e-5,5.785368500599297e-6,6.20373660809026e-6,1.6800632637314905e-6
21.560574948665298,1.6863754794815833e-6,1.3124551564325238e-5,7.444736248696238e-6,3.674152800781094e-6,1.6851477755430722e-6,1.6866890867328621e-6,2.2696081862227935e-5,5.769571340685786e-6,6.20310738852492e-6,1.6851477755430722e-6
21.6290212183436,1.6914397542588944e-6,1.3108424366081728e-5,7.429095179145584e-6,3.6770349564063665e-6,1.6902131079188365e-6,1.6917528378179725e-6,2.265033990123122e-5,5.754852303585523e-6,6.20216042979127e-6,1.6902131079188365e-6
21.697467488021903,1.6964850263478937e-6,1.3092308279838427e-5,7.414434088803823e-6,3.679776740206364e-6,1.6952595068842058e-6,1.696797563788266e-6,2.260529308006909e-5,5.741199461173352e-6,6.200899839714502e-6,1.6952595068842058e-6
21.765913757700204,1.7015115292284833e-6,1.3076203920547869e-5,7.400741405483302e-6,3.6823800194651923e-6,1.7002872052529483e-6,1.7018234983456892e-6,2.256093413544047e-5,5.72859997882702e-6,6.199329815381738e-6,1.7002872052529483e-6
21.83436002737851,1.7065195057064386e-6,1.306011163626497e-5,7.388004739428133e-6,3.6848467108718808e-6,1.7052964444985719e-6,1.7068308844070401e-6,2.251725482660394e-5,5.71704017693353e-6,6.197454665013424e-6,1.7052964444985719e-6
21.90280629705681,1.711509179380677e-6,1.3044031500819564e-5,7.376210895082558e-6,3.6871787539860534e-6,1.7102874476648822e-6,1.7118199463483919e-6,2.24742459641325e-5,5.7065055439897705e-6,6.195278776655044e-6,1.7102874476648822e-6
21.971252566735114,1.7164808132630327e-6,1.3027963388090313e-5,7.365345969123638e-6,3.689378166082946e-6,1.715260476431446e-6,1.7167909470705567e-6,2.243189752515473e-5,5.6969808343021455e-6,6.192806674909512e-6,1.715260476431446e-6
22.039698836413415,1.7214346377247836e-6,1.3011906920934457e-5,7.355395320152169e-6,3.691446971543222e-6,1.7202157603923851e-6,1.7217441177219683e-6,2.2390198638366776e-5,5.688450039675885e-6,6.190042947551433e-6,1.7202157603923851e-6
22.10814510609172,1.72637090256611e-6,1.2995861539688569e-5,7.34634365928688e-6,3.693387251701985e-6,1.7251535481266345e-6,1.7266797081028074e-6,2.2349137693278287e-5,5.680896480120268e-6,6.186992294376914e-6,1.7251535481266345e-6
22.17659137577002,1.731289844153494e-6,1.2979826490511215e-5,7.338175060711549e-6,3.695201111431068e-6,1.7300740750014754e-6,1.7315979549126226e-6,2.2308702365303468e-5,5.674302814728804e-6,6.183659493452787e-6,1.7300740750014754e-6
22.245037645448324,1.7361917273861494e-6,1.2963800883780685e-5,7.3308730427212865e-6,3.696890720661372e-6,1.7349776048058985e-6,1.7364991233836946e-6,2.22688797144599e-5,5.668651123724722e-6,6.180049439641344e-6,1.7349776048058985e-6
22.313483915126625,1.7410767911840708e-6,1.2947783659122969e-5,7.32442055451088e-6,3.6984582582055836e-6,1.739864375460698e-6,1.7413834531021521e-6,2.2229656188144098e-5,5.663922895915441e-6,6.176167088867146e-6,1.739864375460698e-6
22.38193018480493,1.745945281350636e-6,1.2931773635704857e-5,7.318800049338492e-6,3.6999059441766846e-6,1.7447346314369838e-6,1.7462511899823951e-6,2.2191017709727312e-5,5.66009910352161e-6,6.172017487426906e-6,1.7447346314369838e-6
22.45037645448323,1.7507974463537579e-6,1.2915769527221954e-5,7.3139935216071095e-6,3.701236034547861e-6,1.7495886203144906e-6,1.751102583047448e-6,2.215294973151316e-5,5.6571602380373065e-6,6.1676057671045115e-6,1.7495886203144906e-6
22.518822724161534,1.7556335533130962e-6,1.2899769974206166e-5,7.309982561931605e-6,3.702450836140514e-6,1.754426607769588e-6,1.7559378996390151e-6,2.2115437304792707e-5,5.655086367961637e-6,6.162937156495296e-6,1.754426607769588e-6
22.587268993839835,1.7604538352644639e-6,1.288377350971981e-5,7.306748344593217e-6,3.7035526527784413e-6,1.7592488259499106e-6,1.7607573732369985e-6,2.2078465083064103e-5,5.65385712603117e-6,6.158016927937382e-6,1.7592488259499106e-6
22.65571526351814,1.7652585611038774e-6,1.286777864595301e-5,7.304271736896517e-6,3.7045438546767784e-6,1.764055542308185e-6,1.7655612730704817e-6,2.2042017444157125e-5,5.653451819243038e-6,6.152850463458925e-6,1.764055542308185e-6
22.72416153319644,1.770047975746536e-6,1.2851783831147046e-5,7.3025332771869955e-6,3.7054268167135973e-6,1.768847000538365e-6,1.770349844498753e-6,2.2006078484126945e-5,5.653849408204792e-6,6.1474431930497175e-6,1.768847000538365e-6
22.792607802874745,1.7748223356539583e-6,1.2835787501774831e-5,7.301513249458047e-6,3.7062039539570435e-6,1.7736234561027686e-6,1.7751233444274206e-6,2.197063210385153e-5,5.655028582629562e-6,6.141800627190719e-6,1.7736234561027686e-6
22.861054072553046,1.7795818975097077e-6,1.2819788085649542e-5,7.30119170833099e-6,3.7068777075655035e-6,1.7783851642416693e-6,1.779882029762092e-6,2.1935662048222504e-5,5.656967786205058e-6,6.135928342643204e-6,1.7783851642416693e-6
22.929500342231346,1.784326906784095e-6,1.280378400814186e-5,7.30154850536735e-6,3.707450534129464e-6,1.7831323692041323e-6,1.7846261466392122e-6,2.1901151943337638e-5,5.659645245015277e-6,6.129831969348132e-6,1.7831323692041323e-6
22.99794661190965,1.7890576279322445e-6,1.2787773734923569e-5,7.302563354016911e-6,3.7079249339821985e-6,1.7878653344460815e-6,1.7893559599579945e-6,2.1867085375104622e-5,5.663039031933437e-6,6.123517216738428e-6,1.7878653344460815e-6
23.06639288158795,1.7937743147511398e-6,1.2771755757756686e-5,7.304215835501893e-6,3.7083034194473896e-6,1.7925843120991658e-6,1.7940717238484893e-6,2.18334459047842e-5,5.667127074504563e-6,6.1169898412094525e-6,1.7925843120991658e-6
23.134839151266256,1.7984772195944743e-6,1.2755728617031004e-5,7.3064854418936065e-6,3.7085885243870464e-6,1.7972895534068556e-6,1.798773690886435e-6,2.1800217123724153e-5,5.671887197467029e-6,6.110255653002383e-6,1.7972895534068556e-6
23.203285420944557,1.8031666090267962e-6,1.2739690930518854e-5,7.3093516247402235e-6,3.7087828176352033e-6,1.8019813233793869e-6,1.8034621281914909e-6,2.1767382710979888e-5,5.677297174266904e-6,6.103320529304845e-6,1.8019813233793869e-6
23.27173169062286,1.8078427191925428e-6,1.272364136162274e-5,7.312793782965343e-6,3.708888857811843e-6,1.8066598571619963e-6,1.808137272463206e-6,2.173492643142705e-5,5.683334713624255e-6,6.096190365956211e-6,1.8066598571619963e-6
23.340177960301162,1.8125058198759092e-6,1.2707578694537425e-5,7.316791356792862e-6,3.708909255828452e-6,1.8113254230955889e-6,1.8127993938188425e-6,2.1702832237902037e-5,5.689977555789483e-6,6.088871138953955e-6,1.8113254230955889e-6
23.408624229979466,1.8171561563251615e-6,1.2691501787620574e-5,7.321323800768553e-6,3.708846615380068e-6,1.8159782650961631e-6,1.8174487379507553e-6,2.1671084251995154e-5,5.697203445897969e-6,6.081368842725254e-6,1.8159782650961631e-6
23.477070499657767,1.8217939921072457e-6,1.267540962701652e-5,7.326370654592296e-6,3.708703575244776e-6,1.8206186453983975e-6,1.8220855690920246e-6,2.1639666841877236e-5,5.704990205135374e-6,6.073689530539106e-6,1.8206186453983975e-6
23.54551676933607,1.8264195801309668e-6,1.26593013068943e-5,7.331911541785807e-6,3.7084827776423523e-6,1.825246815467807e-6,1.8267101402624775e-6,2.1608564628294857e-5,5.713315731625812e-6,6.065839282642926e-6,1.825246815467807e-6
23.613963039014372,1.8310331709736616e-6,1.2643176047322235e-5,7.33792620521978e-6,3.7081868773380933e-6,1.829863024660483e-6,1.8313227027055845e-6,2.157776252409427e-5,5.722158035070812e-6,6.057824210592422e-6,1.829863024660483e-6
23.682409308692677,1.8356350167669788e-6,1.262703320659142e-5,7.344394534758436e-6,3.7078185419758825e-6,1.8344675234427399e-6,1.8359235087750392e-6,2.1547245769748535e-5,5.731495267058406e-6,6.049650459138967e-6,1.8344675234427399e-6
23.750855578370977,1.8402253766369725e-6,1.2610872294427367e-5,7.351296599011903e-6,3.707380458517484e-6,1.8390605699414309e-6,1.8405128182630293e-6,2.1516999966109118e-5,5.741305752149373e-6,6.0413242076728935e-6,1.8390605699414309e-6
23.81930184804928,1.8448045023822246e-6,1.2594692964218446e-5,7.3586126515534644e-6,3.706875316034086e-6,1.8436424142898034e-6,1.8450908835232482e-6,2.148701108595219e-5,5.751567995759821e-6,6.032851653126059e-6,1.8436424142898034e-6
23.887748117727583,1.8493726336998861e-6,1.2578495015347357e-5,7.3663231491272185e-6,3.7063057998221183e-6,1.8482132948527408e-6,1.8496579442528471e-6,2.1457265495627986e-5,5.762260703257027e-6,6.024239001978238e-6,1.8482132948527408e-6
23.956194387405887,1.8539300331577024e-6,1.256227843327018e-5,7.374408806937183e-6,3.70567462604221e-6,1.8527734728657208e-6,1.8542142641297943e-6,2.1427750010460933e-5,5.773362835581608e-6,6.015492502342568e-6,1.8527734728657208e-6
24.024640657084188,1.858476942118159e-6,1.254604335043652e-5,7.3828505732231875e-6,3.704984495533914e-6,1.857323188247939e-6,1.8587600846275976e-6,2.139845187221212e-5,5.784853585488747e-6,6.006618396336982e-6,1.857323188247939e-6
24.093086926762492,1.8630136153774401e-6,1.2529790085480386e-5,7.391629681774425e-6,3.7042381270113722e-6,1.861862694463312e-6,1.8632956607644857e-6,2.1369358802036942e-5,5.7967124303948125e-6,5.997622951059434e-6,1.861862694463312e-6
24.161533196440793,1.867540310729332e-6,1.2513519136003737e-5,7.4007276591459e-6,3.7034382461831328e-6,1.8663922479733586e-6,1.8678212512224235e-6,2.134045900670234e-5,5.808919140148916e-6,5.988512446597483e-6,1.8663922479733586e-6
24.229979466119097,1.8720572602104468e-6,1.2497231152486243e-5,7.410126310003484e-6,3.7025875545548814e-6,1.8709120790383338e-6,1.8723370882600676e-6,2.131174116470902e-5,5.82145376426535e-6,5.979293141944453e-6,1.8709120790383338e-6
24.298425735797398,1.8765647156193666e-6,1.2480926986802032e-5,7.419807778408227e-6,3.701688774948586e-6,1.8754224385686413e-6,1.876843424342134e-6,2.1283194484689183e-5,5.834296693096874e-6,5.9699713190752846e-6,1.8754224385686413e-6
24.366872005475702,1.8810629131005285e-6,1.2464607657913795e-5,7.429754524168608e-6,3.7007446133108246e-6,1.8799235609323617e-6,1.8813404958351043e-6,2.125480868053753e-5,5.8474286356302585e-6,5.9605532428674834e-6,1.8799235609323617e-6
24.435318275154003,1.8855521117799867e-6,1.2448274390841618e-5,7.439949374021815e-6,3.6997577974595686e-6,1.8844157038122589e-6,1.8858285624201443e-6,2.1226574019594935e-5,5.86083067111165e-6,5.951045197960525e-6,1.8844157038122589e-6
24.503764544832308,1.8900325468029777e-6,1.243192857136588e-5,7.450375485773542e-6,3.6987310277902807e-6,1.8888991012433465e-6,1.8903078595755574e-6,2.119848128390167e-5,5.8744842146296605e-6,5.941453437463551e-6,1.8888991012433465e-6
24.57221081451061,1.8945044560902957e-6,1.2415571771340339e-5,7.461016384158192e-6,3.697667003588201e-6,1.8933739897031288e-6,1.8947786261103161e-6,2.1170521801172626e-5,5.888371053197616e-6,5.931784207269253e-6,1.8933739897031288e-6
24.640657084188913,1.8989680899972328e-6,1.2399205757462894e-5,7.471855979268582e-6,3.6965684303558177e-6,1.8978406181036078e-6,1.8992411126017572e-6,2.1142687459341225e-5,5.902473365515526e-6,5.922043751716011e-6,1.8978406181036078e-6
24.709103353867214,1.9034236798942672e-6,1.2382832459079118e-5,7.482878542131033e-6,3.695437987616401e-6,1.9022992161499275e-6,1.9036955507534259e-6,2.111497067747159e-5,5.916773697989264e-6,5.912238279393023e-6,1.9022992161499275e-6
24.777549623545518,1.9078714587061896e-6,1.2366453986834003e-5,7.494068733016057e-6,3.694278349009039e-6,1.9067500158786999e-6,1.9081421740452242e-6,2.1087364427074817e-5,5.931254994373525e-6,5.902373981125919e-6,1.9067500158786999e-6
24.84599589322382,1.9123116776764704e-6,1.2350072645106458e-5,7.505411621977487e-6,3.6930921961664254e-6,1.9111932666460163e-6,1.9125812340536896e-6,2.1059862248096195e-5,5.945900616532995e-6,5.892457042411259e-6,1.9111932666460163e-6
24.914442162902123,1.9167445398649008e-6,1.2333690865173885e-5,7.516892627901228e-6,3.6918821522125e-6,1.9156291706234896e-6,1.9170129347267917e-6,2.103245818008137e-5,5.960694285267465e-6,5.882493575026793e-6,1.9156291706234896e-6
24.982888432580424,1.9211703117250067e-6,1.231731131090541e-5,7.5284976331913e-6,3.6906508913414626e-6,1.9200579927103334e-6,1.9214375425180563e-6,2.1005146870756164e-5,5.975620194664799e-6,5.872489724279006e-6,1.9200579927103334e-6
