Time,Fuse_MCCB,MCCB,Fuse,HCB,SSCB
0.0,9.880984919163893e-15,9.880984919163893e-15,9.880984919163893e-15,9.880984919163893e-15,9.880984919163893e-15
0.06844626967830253,4.5703178241929265e-8,2.6487325374136006e-6,6.229296909410209e-7,6.261756084757764e-7,4.530773323185855e-8
0.13689253935660506,4.592772329115036e-8,2.6480811885498667e-6,6.228839697364208e-7,6.262081304608813e-7,4.5532495773770165e-8
0.2053388090349076,4.588073088118705e-8,2.647381840192864e-6,6.226677803367053e-7,6.260030497307056e-7,4.548570786688799e-8
0.2737850787132101,4.592666169589421e-8,2.647118358845013e-6,6.227018856108657e-7,6.259422440368922e-7,4.553182320066185e-8
0.34223134839151265,4.604145820152894e-8,2.6473355623224393e-6,6.230008751106908e-7,6.260098391885904e-7,4.564678124374666e-8
0.4106776180698152,4.6213351589941e-8,2.6480849975030196e-6,6.235895090300758e-7,6.262012884894474e-7,4.581881030141233e-8
0.4791238877481177,4.643569162521288e-8,2.649419313827117e-6,6.244960855106285e-7,6.265164852470306e-7,4.604125769525069e-8
0.5475701574264202,4.6704408562803224e-8,2.6513906519198827e-6,6.257502358497646e-7,6.269573910033799e-7,4.631005123822973e-8
0.6160164271047228,4.701689770847395e-8,2.654050136441377e-6,6.273820325475299e-7,6.27527028451702e-7,4.662258412668763e-8
0.6844626967830253,4.737145198330239e-8,2.657447735976426e-6,6.294215830759953e-7,6.282289871650804e-7,4.697714728330027e-8
0.7529089664613279,4.776695339270276e-8,2.6616322662542657e-6,6.318988401421421e-7,6.290671706876694e-7,4.737262049303581e-8
0.8213552361396304,4.820268539873496e-8,2.6666514426620935e-6,6.348435073189052e-7,6.300456486529882e-7,4.7808285663641925e-8
0.8898015058179329,4.8678216679753916e-8,2.672551947968671e-6,6.382849944142066e-7,6.311685719628812e-7,4.82837094750721e-8
0.9582477754962354,4.91933199731065e-8,2.6793795019353084e-6,6.42252397820009e-7,6.324401177204564e-7,4.8798663221383265e-8
1.0266940451745379,4.974792411349682e-8,2.6871789338134278e-6,6.46774498735958e-7,6.338644604753085e-7,4.93530738499004e-8
1.0951403148528405,5.0342074398024295e-8,2.695994242407629e-6,6.518797641685836e-7,6.354457496859922e-7,4.994698488136606e-8
1.163586584531143,5.0975903387318056e-8,2.705868651808885e-6,6.575963533705931e-7,6.371880947320108e-7,5.0580527655164076e-8
1.2320328542094456,5.164961414116931e-8,2.716844664130136e-6,6.639521272777671e-7,6.390955596957681e-7,5.125390378779571e-8
1.300479123887748,5.236346534154279e-8,2.7289641053585e-6,6.709746599442568e-7,6.411721575894092e-7,5.196737007384655e-8
1.3689253935660506,5.311775663763285e-8,2.7422681631028567e-6,6.786912437606318e-7,6.434218458029051e-7,5.2721225052287934e-8
1.4373716632443532,5.391282353883753e-8,2.7567974251185845e-6,6.871289031096239e-7,6.458485271032544e-7,5.351580267820566e-8
1.5058179329226558,5.47490257574168e-8,2.77259190717416e-6,6.963143979188402e-7,6.484560454156352e-7,5.435146133159208e-8
1.5742642026009581,5.562674487702424e-8,2.78969108402638e-6,7.062742344299267e-7,6.512481883769183e-7,5.522858137485542e-8
1.6427104722792607,5.6546380133859486e-8,2.808133914733446e-6,7.170346726370624e-7,6.542286885569126e-7,5.614756060090542e-8
1.7111567419575633,5.750834219941936e-8,2.827958861750801e-6,7.286217300617182e-7,6.57401221682008e-7,5.7108808459993554e-8
1.7796030116358659,5.8513051182096376e-8,2.849203912247411e-6,7.410611879699047e-7,6.607694080784654e-7,5.8112743506200104e-8
1.8480492813141685,5.9560934517755015e-8,2.8719065948701328e-6,7.543785964791994e-7,6.643368150038853e-7,5.9159792398233435e-8
1.9164955509924708,6.065242375008495e-8,2.89610399306639e-6,7.68599276557147e-7,6.681069553149399e-7,6.025038512547098e-8
1.9849418206707734,6.178795430855644e-8,2.9218327610713857e-6,7.837483254613531e-7,6.720832913531538e-7,6.138495600715999e-8
2.0533880903490758,6.296796195570664e-8,2.949129132123751e-6,7.99850616850506e-7,6.762692328354802e-7,6.256393980663688e-8
2.1218343600273784,6.419288300918424e-8,2.9780289295677775e-6,8.169308031158451e-7,6.806681397408809e-7,6.378777139826042e-8
2.190280629705681,6.546315434174943e-8,3.008567576290311e-6,8.350133183787634e-7,6.852833247528167e-7,6.505688654456776e-8
2.2587268993839835,6.677920638686885e-8,3.040780096164042e-6,8.541223719404911e-7,6.901180473750657e-7,6.637171456880253e-8
2.327173169062286,6.814147079925448e-8,3.0747011272591607e-6,8.74281957718992e-7,6.951755240347524e-7,6.773268623749829e-8
2.3956194387405887,6.955037257228014e-8,3.110364918845754e-6,8.955158442569555e-7,7.004589206438538e-7,6.914022532278352e-8
2.4640657084188913,7.100633436785131e-8,3.1478053398315e-6,9.178475800508679e-7,7.059713597046269e-7,7.059475315429609e-8
2.532511978097194,7.25097714093792e-8,3.187055877429401e-6,9.413004858904728e-7,7.117159149805374e-7,7.209668428931337e-8
2.600958247775496,7.406109725494048e-8,3.2281496423758327e-6,9.658976591886415e-7,7.176956193788442e-7,7.364643095364443e-8
2.6694045174537986,7.566071391629237e-8,3.2711193614920475e-6,9.916619604366517e-7,7.239134555137028e-7,7.524439404882344e-8
2.737850787132101,7.730902085167912e-8,3.3159973857888048e-6,1.0186160204206374e-6,7.303723662532846e-7,7.689097236696085e-8
2.8062970568104038,7.900640952573923e-8,3.3628156836940093e-6,1.046782229341403e-6,7.370752485025278e-7,7.858655604042752e-8
2.8747433264887063,8.075326285439388e-8,3.411605838943288e-6,1.0761827334837548e-6,7.440249558676726e-7,8.033152731901083e-8
2.943189596167009,8.254995720324843e-8,3.4623990486926104e-6,1.1068394309976526e-6,7.512242983231943e-7,8.212626112502619e-8
3.0116358658453115,8.439686072225783e-8,3.515226119410464e-6,1.1387739664581176e-6,7.586760440991824e-7,8.397112494229475e-8
3.080082135523614,8.629433423390509e-8,3.570117462659006e-6,1.1720077240928717e-6,7.66382918238051e-7,8.58664785940988e-8
3.1485284052019162,8.824272601515304e-8,3.6271030849910346e-6,1.2065618177903303e-6,7.743476000410254e-7,8.781266946922273e-8
3.216974674880219,9.024238090127312e-8,3.686212590725546e-6,1.2424570925428924e-6,7.825727312837927e-7,8.981004129271497e-8
3.2854209445585214,9.229363173712812e-8,3.7474751675148354e-6,1.279714109347907e-6,7.910609081118736e-7,9.185892613228219e-8
3.353867214236824,9.439680215272972e-8,3.810919582125649e-6,1.318353139101447e-6,7.99814684482314e-7,9.395964672975765e-8
3.4223134839151266,9.655220645221618e-8,3.876574171113312e-6,1.3583941559369705e-6,8.088365717195956e-7,9.61125163900789e-8
3.490759753593429,9.876015027998619e-8,3.9444668346044764e-6,1.3998568280104706e-6,8.181290397368812e-7,9.831783986946618e-8
3.5592060232717317,1.0102092640185134e-7,4.014625022752405e-6,1.4427605051769987e-6,8.276945131502345e-7,1.00575909156575e-7
3.6276522929500343,1.0333482314273112e-7,4.087075733072432e-6,1.487124216659197e-6,8.375353783840467e-7,1.028870114661018e-7
3.696098562628337,1.0570211195215506e-7,4.1618454901248825e-6,1.5329666507302164e-6,8.476539734569855e-7,1.052514176924646e-7
3.764544832306639,1.0812305961671598e-7,4.238960345182008e-6,1.5803061552688291e-6,8.580525984180909e-7,1.076693937340778e-7
3.8329911019849416,1.1059791871215197e-7,4.3184458557998795e-6,1.6291607171092792e-6,8.687335061319246e-7,1.1014119127850108e-7
3.9014373716632442,1.1312693271037233e-7,4.400327079046029e-6,1.679547957822436e-6,8.796989078296846e-7,1.1266705313150993e-7
3.969883641341547,1.1571033420310073e-7,4.4846285576216616e-6,1.7314851182836932e-6,8.909509706667151e-7,1.1524721066358268e-7
4.038329911019849,1.1834834423574137e-7,4.571374306205911e-6,1.7849890481258512e-6,9.024918173894392e-7,1.1788188458705662e-7
4.1067761806981515,1.2104117397271352e-7,4.660587799132365e-6,1.8400761938597299e-6,9.143235268904704e-7,1.2057128517817262e-7
4.175222450376454,1.2378902336518394e-7,4.752291955512078e-6,1.8967625853294479e-6,9.264481338755459e-7,1.2331561138889668e-7
4.243668720054757,1.2659208015186607e-7,4.846509124245557e-6,1.955063822167702e-6,9.388676266430807e-7,1.2611505040283078e-7
4.312114989733059,1.2945051997004242e-7,4.943261068479643e-6,2.0149950593628674e-6,9.515839480833677e-7,1.2896977730214587e-7
4.380561259411362,1.3236451090747892e-7,5.042568955504478e-6,2.07657099915437e-6,9.645989980100467e-7,1.3187995895336257e-7
4.4490075290896645,1.353342040655292e-7,5.144453331329402e-6,2.1398058671628917e-6,9.779146256105875e-7,1.3484574634681223e-7
4.517453798767967,1.383597437731865e-7,5.248934114021608e-6,2.204713408060499e-6,9.915326374398958e-7,1.3786728247922042e-7
4.58590006844627,1.4144126048165617e-7,5.356030571390669e-6,2.27130686458743e-6,1.0054547917581758e-6,1.4094469769077023e-7
4.654346338124572,1.4457887254071267e-7,5.465761304113137e-6,2.3395989622310154e-6,1.0196827979758183e-6,1.4407810933203535e-7
4.722792607802875,1.4777268808607857e-7,5.578144231188631e-6,2.4096018982344702e-6,1.034218319428959e-6,1.4726762487260459e-7
4.791238877481177,1.5102280137568869e-7,5.693196568623549e-6,2.48132732061368e-6,1.0490629693826747e-6,1.505133379042789e-7
4.85968514715948,1.5432929545422525e-7,5.8109348129997684e-6,2.5547863153896344e-6,1.0642183125852966e-6,1.5381533113867363e-7
4.9281314168377826,1.5769224381845248e-7,5.931374725043348e-6,2.629989391933485e-6,1.0796858663786324e-6,1.5717367718437458e-7
4.996577686516085,1.6111170275667774e-7,6.054531303645305e-6,2.706946458985726e-6,1.0954670935925392e-6,1.605884321076445e-7
5.065023956194388,1.6458772122973642e-7,6.180418774981433e-6,2.7856668169956578e-6,1.1115634100944405e-6,1.6405964342602886e-7
5.133470225872689,1.6812033343249766e-7,6.309050567310237e-6,2.8661591351397675e-6,1.127976179460255e-6,1.675873456674637e-7
5.201916495550992,1.717095630127119e-7,6.440439294208566e-6,2.948431436555765e-6,1.14470671408462e-6,1.7117156148049872e-7
5.270362765229295,1.7535542029545326e-7,6.574596731923066e-6,3.0324910792467463e-6,1.1617562731824904e-6,1.7481230063509656e-7
5.338809034907597,1.7905790283823109e-7,6.711533799719227e-6,3.118344738872736e-6,1.1791260626781153e-6,1.7850956035569965e-7
5.4072553045859,1.828169977624583e-7,6.85126054111862e-6,3.205998392319387e-6,1.1968172366483287e-6,1.8226332698656478e-7
5.475701574264202,1.866326782007377e-7,6.993786100473187e-6,3.295457297269877e-6,1.2148308936588137e-6,1.8607357354927245e-7
5.544147843942505,1.9050490618344185e-7,7.1391187033142955e-6,3.3867259759956525e-6,1.2331680782073917e-6,1.899402611860168e-7
5.6125941136208075,1.944336309733785e-7,7.287265634925433e-6,3.4798081960385474e-6,1.2518297795027777e-6,1.9386333904858333e-7
5.68104038329911,1.9841878795556767e-7,7.438233216250367e-6,3.5747069500047246e-6,1.2708169285780002e-6,1.9784274185585815e-7
5.749486652977413,2.0246030341120047e-7,7.592026788794115e-6,3.671424442019955e-6,1.2901304038415162e-6,2.0187839544494324e-7
5.817932922655715,2.0655808863345726e-7,7.748650685757141e-6,3.769962063082666e-6,1.3097710227505388e-6,2.0597021088697431e-7
5.886379192334018,2.10712043036132e-7,7.908108212939524e-6,3.870320375631842e-6,1.3297395456968175e-6,2.1011808681858923e-7
5.95482546201232,2.1492205604101144e-7,8.070401631088409e-6,3.972499097115723e-6,1.3500366771168615e-6,2.1432191266157474e-7
6.023271731690623,2.1918800008347006e-7,8.235532124034606e-6,4.076497072902363e-6,1.370663056943222e-6,2.185815605182384e-7
6.091718001368926,2.2350974038243265e-7,8.403499788367519e-6,4.182312267952959e-6,1.3916192702634334e-6,2.2289689505239352e-7
6.160164271047228,2.278871271688132e-7,8.574303603015032e-6,4.2899417407316065e-6,1.4129058385492499e-6,2.2726776627290945e-7
6.228610540725531,2.3231999879413934e-7,8.747941410036653e-6,4.3993816267740016e-6,1.4345232228762939e-6,2.3169401208722462e-7
6.2970568104038325,2.3680818106441848e-7,8.924409892974161e-6,4.510627119924671e-6,1.4564718211484973e-6,2.3617545830134645e-7
6.365503080082135,2.4135148923853933e-7,9.103704556534531e-6,4.623672455683625e-6,1.4787519708736596e-6,2.4071191973007444e-7
6.433949349760438,2.459497245865805e-7,9.285819700832754e-6,4.738510888335767e-6,1.5013639435013104e-6,2.4530319731042027e-7
6.50239561943874,2.506026772763903e-7,9.470748403406226e-6,4.855134677073103e-6,1.5243079480864452e-6,2.499490809881877e-7
6.570841889117043,2.5531012537438613e-7,9.658482496677223e-6,4.97353506623277e-6,1.5475841282919234e-6,2.5464934905183867e-7
6.639288158795345,2.600718349565767e-7,9.84901254641457e-6,5.09370226642325e-6,1.5711925623884682e-6,2.594037668002258e-7
6.707734428473648,2.648875612187851e-7,1.0042327832304743e-5,5.215625439425331e-6,1.5951332632546666e-6,2.642120896512168e-7
6.776180698151951,2.697570431475782e-7,1.0238416321528554e-5,5.3392926749884495e-6,1.619406172936877e-6,2.690740563693339e-7
6.844626967830253,2.7468001473351933e-7,1.0437264659435286e-5,5.464690984169351e-6,1.6440111721971462e-6,2.7398940083411816e-7
6.913073237508556,2.796561922036034e-7,1.0638858137124174e-5,5.59180627079936e-6,1.6689480678566682e-6,2.7895783905051985e-7
6.981519507186858,2.8468528567859863e-7,1.0843180682673648e-5,5.720623325378149e-6,1.694216603009835e-6,2.8397908125032956e-7
7.049965776865161,2.897669887369503e-7,1.1050214832164507e-5,5.851125800093726e-6,1.719816446033029e-6,2.890528209009702e-7
7.1184120465434635,2.9490098718554236e-7,1.1259941718244626e-5,5.983296200162691e-6,1.7457471985782291e-6,2.9417874369830344e-7
7.186858316221766,3.000869527314265e-7,1.1472341047147339e-5,6.11711586417929e-6,1.7720083892447391e-6,2.9935652168244786e-7
7.255304585900069,3.0532454653453556e-7,1.1687391082149112e-5,6.252564950792738e-6,1.7985994742453215e-6,3.0458581545822483e-7
7.323750855578371,3.1061342131710745e-7,1.1905068630357896e-5,6.389622428604191e-6,1.8255198414030005e-6,3.0986627819196144e-7
7.392197125256674,3.1595321492439155e-7,1.2125349017955145e-5,6.528266054961485e-6,1.8527688013803e-6,3.1519754772890707e-7
7.4606433949349755,3.213435555426969e-7,1.234820607987075e-5,6.66847236807655e-6,1.8803455920091139e-6,3.2057925247741537e-7
7.529089664613278,3.2678406236552604e-7,1.2573612145017066e-5,6.8102166755901195e-6,1.908249378623772e-6,3.260110114089443e-7
7.597535934291581,3.3227434104166065e-7,1.280153801663797e-5,6.953473038140423e-6,1.936479249620149e-6,3.314924306163647e-7
7.665982203969883,3.3781398844912047e-7,1.3031952963538096e-5,7.09821426359003e-6,1.965034218565087e-6,3.3702310731076324e-7
7.734428473648186,3.434025899196058e-7,1.3264824702874378e-5,7.244411891926816e-6,1.993913221864929e-6,3.4260262637975103e-7
7.8028747433264884,3.490397227912112e-7,1.3500119393161647e-5,7.392036192821472e-6,2.0231151217631194e-6,3.482305661606233e-7
7.871321013004791,3.5472495041322105e-7,1.373780161506577e-5,7.541056146975755e-6,2.052638698679665e-6,3.539064896695976e-7
7.939767282683094,3.604578284743809e-7,1.3977834367850939e-5,7.691439447454762e-6,2.0824826582055422e-6,3.596299531505309e-7
8.008213552361395,3.662379028934737e-7,1.4220179057722326e-5,7.843152489472871e-6,2.112645626328735e-6,3.6540050274425084e-7
8.076659822039698,3.720647098193197e-7,1.4464795488944304e-5,7.99616036384343e-6,2.1431261503224164e-6,3.7121767493264457e-7
8.145106091718,3.779377728552191e-7,1.4711641853515367e-5,8.150426850650483e-6,2.1739226946371204e-6,3.7708099376310145e-7
8.213552361396303,3.8385661083051303e-7,1.4960674732167334e-5,8.305914421358196e-6,2.205033648117194e-6,3.829899783980295e-7
8.281998631074606,3.8982072880777707e-7,1.5211849081153694e-5,8.462584228041692e-6,2.2364573140087884e-6,3.889441343440936e-7
8.350444900752908,3.9582962640949404e-7,1.5465118234470054e-5,8.620396108716122e-6,2.268191917953466e-6,3.94942961778888e-7
8.41889117043121,4.0188279049058195e-7,1.572043389530542e-5,8.779308580231238e-6,2.3002355993284596e-6,4.0098594766835305e-7
8.487337440109513,4.0797970346506673e-7,1.597774614170433e-5,8.939278846709087e-6,2.332586420350502e-6,4.070725754257154e-7
8.555783709787816,4.141198343132757e-7,1.6237003417796103e-5,9.100262791439384e-6,2.3652423545295065e-6,4.1320231436436927e-7
8.624229979466119,4.20302647907711e-7,1.6498152543564792e-5,9.262214990202189e-6,2.398201296771596e-6,4.193746295788614e-7
8.692676249144421,4.265275976855776e-7,1.6761138710297274e-5,9.425088707049056e-6,2.4314610549414084e-6,4.255889757276421e-7
8.761122518822724,4.3279412897945235e-7,1.7025905487133564e-5,9.588835903850956e-6,2.4650193524156094e-6,4.3184479836533285e-7
8.829568788501026,4.391016815707971e-7,1.7292394829393487e-5,9.753407248958013e-6,2.4988738303033387e-6,4.3814153816157386e-7
8.898015058179329,4.454496859152002e-7,1.7560547081463262e-5,9.918752122084484e-6,2.533022042783273e-6,4.444786259050204e-7
8.966461327857632,4.5183756280930965e-7,1.7830300985233194e-5,1.0084818623856684e-5,2.567461457214648e-6,4.5085548372458817e-7
9.034907597535934,4.58264730274216e-7,1.8101593694863638e-5,1.0251553592688367e-5,2.6021894582450855e-6,4.5727152975238994e-7
9.103353867214237,4.647305962279802e-7,1.8374360784112476e-5,1.0418902611109004e-5,2.6372033427035646e-6,4.637261730167097e-7
9.17180013689254,4.7123456203834735e-7,1.8648536260879034e-5,1.0586810022750193e-5,2.6725003205996245e-6,4.70218815773471e-7
9.240246406570842,4.777760201912784e-7,1.892405257997165e-5,1.0755218946223444e-5,2.7080775131249624e-6,4.767488512857909e-7
9.308692676249144,4.843543611743328e-7,1.9200840667199515e-5,1.09240712981018e-5,2.7439319586486377e-6,4.833156707073627e-7
9.377138945927447,4.909689629295499e-7,1.9478829927144226e-5,1.109330780313389e-5,2.7800606029471098e-6,4.899186533124933e-7
9.44558521560575,4.976192037320359e-7,1.975794827568933e-5,1.1262868025219142e-5,2.816460309640334e-6,4.965571780424227e-7
9.514031485284052,5.043044505326222e-7,2.0038122150789484e-5,1.1432690379953314e-5,2.853127849866688e-6,5.032306128471831e-7
9.582477754962355,5.110240685057832e-7,2.03192765455551e-5,1.1602712166713935e-5,2.8900599106096436e-6,5.099383241224942e-7
9.650924024640657,5.177774132780755e-7,2.0601335026237955e-5,1.1772869586423873e-5,2.9272530868151847e-6,5.16679668383091e-7
9.71937029431896,5.245638402540109e-7,2.0884219769090606e-5,1.1943097778743805e-5,2.964703889829501e-6,5.234540020326861e-7
9.787816563997263,5.313826927366705e-7,2.1167851578574037e-5,1.21133308393917e-5,3.0024087362967578e-6,5.302606697066281e-7
9.856262833675565,5.382333144732243e-7,2.1452149930212272e-5,1.2283501861887203e-5,3.0403639599274612e-6,5.370990162623102e-7
9.924709103353868,5.451150435487051e-7,2.1737032998236927e-5,1.2453542965529252e-5,3.078565804170985e-6,5.43968380894988e-7
9.99315537303217,5.520272136072535e-7,2.202241769255764e-5,1.2623385330368109e-5,3.117010424991129e-6,5.508680984700476e-7
10.061601642710473,5.58969151298605e-7,2.2308219693178977e-5,1.279295923017898e-5,3.155693886758293e-6,5.577974969694921e-7
10.130047912388775,5.659401811630715e-7,2.2594353494498343e-5,1.2962194075982758e-5,3.194612167356503e-6,5.647559021548787e-7
10.198494182067078,5.729396256315411e-7,2.2880732445940133e-5,1.313101845534792e-5,3.2337611581834125e-6,5.717426377893631e-7
10.266940451745379,5.799668020278759e-7,2.3167268793256035e-5,1.3299360171026287e-5,3.273136661152698e-6,5.787570226400973e-7
10.335386721423681,5.870210214586891e-7,2.3453873721712704e-5,1.3467146282475362e-5,3.312734387250771e-6,5.857983691459623e-7
10.403832991101984,5.941015968069507e-7,2.374045741149189e-5,1.3634303159926198e-5,3.3525499645303825e-6,5.92865991633218e-7
10.472279260780287,6.012078341832705e-7,2.402692907876869e-5,1.3800756521575863e-5,3.392578929672929e-6,5.999591977667862e-7
10.54072553045859,6.08339040808481e-7,2.4313197034220302e-5,1.3966431491096998e-5,3.4328167354269468e-6,6.070772962107895e-7
10.609171800136892,6.15494516242876e-7,2.4599168727656995e-5,1.4131252637938907e-5,3.473258742836549e-6,6.142195878577894e-7
10.677618069815194,6.226735626002622e-7,2.488475081308117e-5,1.4295144041276409e-5,3.5139002309003686e-6,6.21385376819994e-7
10.746064339493497,6.298754779976434e-7,2.5169849199313532e-5,1.4458029335639999e-5,3.554736389910218e-6,6.285739624356523e-7
10.8145106091718,6.370995565552207e-7,2.5454369109056962e-5,1.461983176764825e-5,3.5957623226723356e-6,6.357846407123446e-7
10.882956878850102,6.443450955018193e-7,2.573821514550989e-5,1.4780474259290521e-5,3.63697305050259e-6,6.430167102111639e-7
10.951403148528405,6.516113867371942e-7,2.602129134920972e-5,1.4939879459330285e-5,3.6783635064541187e-6,6.502694649412888e-7
11.019849418206707,6.588977229382564e-7,2.630350126509029e-5,1.5097969809030332e-5,3.719928539869244e-6,6.575421992449648e-7
11.08829568788501,6.662033961157832e-7,2.658474800998345e-5,1.5254667603215033e-5,3.761662917711739e-6,6.648342067983037e-7
11.156741957563312,6.735276968372617e-7,2.6864934337789137e-5,1.54098950517767e-5,3.803561321680249e-6,6.721447799451497e-7
11.225188227241615,6.808699161142684e-7,2.7143962712306013e-5,1.5563574348620435e-5,3.8456183522050935e-6,6.794732115844582e-7
11.293634496919918,6.882293420718e-7,2.742173537495507e-5,1.5715627732948434e-5,3.887828525006576e-6,6.868187918396274e-7
11.36208076659822,6.956052657214329e-7,2.769815442216217e-5,1.586597756364494e-5,3.930186277312231e-6,6.941808136096128e-7
11.430527036276523,7.029969797400781e-7,2.7973121879409923e-5,1.6014546386666773e-5,3.97268596707967e-6,7.015585711256378e-7
11.498973305954825,7.104037722527323e-7,2.824653977140379e-5,1.6161256999880358e-5,4.015321868333643e-6,7.089513552882565e-7
11.567419575633128,7.178249363803957e-7,2.851831020667106e-5,1.6306032533219827e-5,4.058088179270669e-6,7.163584604397144e-7
11.63586584531143,7.25259763245667e-7,2.8788335451501723e-5,1.6448796514856312e-5,4.100979018373252e-6,7.23779180145101e-7
11.704312114989733,7.327075463026134e-7,2.9056518011771892e-5,1.6589472949357642e-5,4.143988427962597e-6,7.312128099679072e-7
11.772758384668036,7.40167584889484e-7,2.932276071920814e-5,1.6727986395626004e-5,4.1871103786395025e-6,7.386586511337612e-7
11.841204654346338,7.476391696847884e-7,2.958696679744577e-5,1.6864262028182253e-5,4.230338756183727e-6,7.461159965416186e-7
11.90965092402464,7.551216032464225e-7,2.984903996650079e-5,1.6998225733755312e-5,4.273667382537205e-6,7.535841511918662e-7
11.978097193702943,7.626141855787694e-7,3.010888451149274e-5,1.7129804174342844e-5,4.317090002148305e-6,7.610624169762659e-7
12.046543463381246,7.701162155759889e-7,3.0366405369242067e-5,1.7258924865259928e-5,4.36060028452534e-6,7.685500948984014e-7
12.114989733059549,7.776270040116273e-7,3.062150822641385e-5,1.738551626861984e-5,4.404191838780491e-6,7.760464982853321e-7
12.183436002737851,7.851458587726512e-7,3.087409959101617e-5,1.7509507855395512e-5,4.447858198974863e-6,7.835509372444704e-7
12.251882272416154,7.926720857476255e-7,3.112408687955259e-5,1.763083018557765e-5,4.49159282678302e-6,7.910627201068721e-7
12.320328542094456,8.002049989297433e-7,3.137137851405569e-5,1.7749414998213808e-5,4.535389122373168e-6,7.985811628641315e-7
12.388774811772759,8.077439216380711e-7,3.161588401090487e-5,1.7865195291566494e-5,4.5792404269606735e-6,8.061055916108728e-7
12.457221081451062,8.152881697531811e-7,3.1857514051103486e-5,1.7978105386062815e-5,4.62314000793107e-6,8.13635324337092e-7
12.525667351129364,8.228370677043628e-7,3.2096180583862655e-5,1.808808101932957e-5,4.6670810747162506e-6,8.21169688247636e-7
12.594113620807665,8.303899446948648e-7,3.2331796909979005e-5,1.8195059421355353e-5,4.711056777573219e-6,8.287080146551773e-7
12.662559890485968,8.379461315932701e-7,3.256427776643367e-5,1.8298979390984904e-5,4.755060205807737e-6,8.362496369818118e-7
12.73100616016427,8.455049688160798e-7,3.27935394205392e-5,1.839978138096221e-5,4.799084396212017e-6,8.437938981975535e-7
12.799452429842573,8.530657911176576e-7,3.301949974165996e-5,1.8497407561102186e-5,4.8431223205192e-6,8.51340135610279e-7
12.867898699520875,8.606279496836677e-7,3.3242078309125844e-5,1.8591801918099726e-5,4.887166908384977e-6,8.588877031812103e-7
12.936344969199178,8.681907918139942e-7,3.346119647607004e-5,1.86829103092645e-5,4.931211028513793e-6,8.66435950319655e-7
13.00479123887748,8.75753671913948e-7,3.367677746690667e-5,1.877068055122777e-5,4.975247502425617e-6,8.739842344285265e-7
13.073237508555783,8.833159547139147e-7,3.388874646081952e-5,1.8855062495215513e-5,5.019269107120472e-6,8.815319226807006e-7
13.141683778234086,8.90877003723034e-7,3.409703066559189e-5,1.893600809055318e-5,5.0632685683060785e-6,8.890783813608749e-7
13.210130047912388,8.984361917763195e-7,3.430155940631341e-5,1.9013471464268683e-5,5.107238570167816e-6,8.966229858575758e-7
13.27857631759069,9.059928952614982e-7,3.450226420098623e-5,1.9087408986928622e-5,5.151171752926231e-6,9.041651153340879e-7
13.347022587268993,9.135464972276353e-7,3.469907884068313e-5,1.915777934469176e-5,5.195060717388955e-6,9.11704155615034e-7
13.415468856947296,9.210963869410449e-7,3.489193946537572e-5,1.9224543603368893e-5,5.238898025949901e-6,9.192394984092189e-7
13.483915126625599,9.286419602183571e-7,3.508078463887454e-5,1.928766527525827e-5,5.2826762061419785e-6,9.267705423088302e-7
13.552361396303901,9.361826182052724e-7,3.526555542054943e-5,1.9347110380985022e-5,5.326387750526074e-6,9.342966914571704e-7
13.620807665982204,9.43717766710428e-7,3.544619543438543e-5,1.94028475074548e-5,5.370025118467403e-6,9.418173545494568e-7
13.689253935660506,9.512468249761596e-7,3.56226509453661e-5,1.9454847876465564e-5,5.413580746904678e-6,9.493319531594935e-7
13.757700205338809,9.587692136880932e-7,3.579487091454059e-5,1.9503085388339336e-5,5.457047040691165e-6,9.56839911192553e-7
13.826146475017111,9.662843578617242e-7,3.5962807063638635e-5,1.9547536676989274e-5,5.500416377368644e-6,9.643406562176438e-7
13.894592744695414,9.737916952801129e-7,3.6126413945236635e-5,1.9588181170648866e-5,5.543681118713728e-6,9.71833628904406e-7
13.963039014373717,9.812906713868585e-7,3.6285648994272e-5,1.9625001132617115e-5,5.586833606852082e-6,9.79318277583019e-7
14.03148528405202,9.887807325137388e-7,3.644047257644889e-5,1.9657981701448612e-5,5.629866161260821e-6,9.867940515828622e-7
14.099931553730322,9.962613359837391e-7,3.6590848050410685e-5,1.9687110940913577e-5,5.672771089537676e-6,9.942604107804343e-7
14.168377823408624,1.0037319513322984e-6,3.673674181647879e-5,1.971237988040997e-5,5.715540692841081e-6,1.0017168278197985e-6
14.236824093086927,1.0111920465405433e-6,3.687812334929319e-5,1.9733782537056932e-5,5.758167253344659e-6,1.0091627732355946e-6
14.30527036276523,1.0186411045776111e-6,3.701496525498893e-5,1.9751315963767446e-5,5.800643053888166e-6,1.0165977332166065e-6
14.373716632443532,1.0260786130755761e-6,3.7147243299950894e-5,1.9764980266678833e-5,5.842960370316952e-6,1.0240211980594438e-6
14.442162902121835,1.0335040699915865e-6,3.727493645078184e-5,1.9774778637127177e-5,5.885111479697613e-6,1.0314326687188569e-6
14.510609171800137,1.0409169780567495e-6,3.7398026898616266e-5,1.9780717365525113e-5,5.927088656987323e-6,1.0388316508125328e-6
14.57905544147844,1.0483168518815589e-6,3.751650009486962e-5,1.978280586700798e-5,5.968884185580947e-6,1.0462176619485675e-6
14.647501711156742,1.0557032116276233e-6,3.763034476689242e-5,1.9781056687318e-5,6.010490353092202e-6,1.0535902248420825e-6
14.715947980835045,1.0630755877816256e-6,3.7739552941618015e-5,1.9775485518569447e-5,6.051899459014187e-6,1.0609488730883854e-6
14.784394250513348,1.07043351860181e-6,3.7844119958663214e-5,1.9766111200913983e-5,6.09310381560757e-6,1.0682931479433222e-6
14.852840520191648,1.0777765463432232e-6,3.794404447632349e-5,1.9752955720653276e-5,6.1340957459021794e-6,1.0756225943264752e-6
14.921286789869951,1.0851042321347038e-6,3.80393284935554e-5,1.9736044222118387e-5,6.174867602348755e-6,1.0829367762532627e-6
14.989733059548254,1.0924161358838447e-6,3.812997733199097e-5,1.9715404980691353e-5,6.215411749388444e-6,1.0902352566288798e-6
15.058179329226556,1.0997118339295398e-6,3.821599965081468e-5,1.969106940891141e-5,6.255720583325797e-6,1.0975176146788002e-6
15.126625598904859,1.106990904498062e-6,3.829740742589127e-5,1.9663072026609996e-5,6.295786521781643e-6,1.104783431293832e-6
15.195071868583161,1.1142529395824496e-6,3.8374215950653934e-5,1.9631450452473054e-5,6.335602018237019e-6,1.112032301464616e-6
15.263518138261464,1.121497537615035e-6,3.8446443813455744e-5,1.9596245373287857e-5,6.375159557037158e-6,1.119263826510064e-6
15.331964407939767,1.1287243079083353e-6,3.851411288058326e-5,1.9557500518851967e-5,6.414451662051235e-6,1.126477618407229e-6
15.40041067761807,1.1359328689897197e-6,3.857724827183162e-5,1.9515262627445296e-5,6.453470896339297e-6,1.1336732985700593e-6
15.468856947296372,1.143122843161315e-6,3.8635878324644324e-5,1.9469581403641634e-5,6.492209861819198e-6,1.140850492187262e-6
15.537303216974674,1.1502938698226828e-6,3.8690034574462295e-5,1.9420509489220805e-5,6.530661214032563e-6,1.148008841322934e-6
15.605749486652977,1.157445593591433e-6,3.8739751704208736e-5,1.9368102404992982e-5,6.568817654373227e-6,1.1551479931481978e-6
15.67419575633128,1.1645776671898034e-6,3.878506750565336e-5,1.9312418504613404e-5,6.606671935638353e-6,1.1622676037159607e-6
15.742642026009582,1.1716897549973737e-6,3.8826022834226315e-5,1.9253518921735768e-5,6.644216868245678e-6,1.1693673396262483e-6
15.811088295687885,1.1787815298314186e-6,3.886266155594953e-5,1.9191467508949955e-5,6.6814453210106706e-6,1.1764468764718927e-6
15.879534565366187,1.18585267161464e-6,3.889503048948306e-5,1.9126330773278077e-5,6.718350223033909e-6,1.1835058971731982e-6
15.94798083504449,1.1929028719270818e-6,3.8923179351058046e-5,1.9058177812891763e-5,6.75492456991833e-6,1.1905440956416768e-6
16.01642710472279,1.1999318336730624e-6,3.894716069019477e-5,1.8987080246057886e-5,6.7911614287652355e-6,1.1975611776682271e-6
16.084873374401095,1.206939263531659e-6,3.896702981220912e-5,1.8913112128315923e-5,6.827053931290905e-6,1.2045568523744166e-6
16.153319644079396,1.213924883169959e-6,3.898284471903768e-5,1.8836349884310266e-5,6.8625952903689225e-6,1.2115308437588013e-6
16.2217659137577,1.2208884193620761e-6,3.899466602197421e-5,1.875687221586375e-5,6.897778792702702e-6,1.2184828817041193e-6
16.290212183436,1.2278296072087969e-6,3.9002556864620175e-5,1.867476001760071e-5,6.932597804154561e-6,1.2254127034205808e-6
16.358658453114305,1.2347481953556283e-6,3.9006582844725024e-5,1.8590096293014113e-5,6.967045779404657e-6,1.2323200604402729e-6
16.427104722792606,1.241643943217241e-6,3.900681192292588e-5,1.850296605698798e-5,7.0011162612848565e-6,1.2392047141762674e-6
16.49555099247091,1.2485166119846625e-6,3.90033143246038e-5,1.841345623243562e-5,7.034802876115798e-6,1.2460664287061718e-6
16.56399726214921,1.255365975727507e-6,3.899616245428561e-5,1.8321655558595218e-5,7.068099346363432e-6,1.2529049799869796e-6
16.632443531827516,1.2621918260569132e-6,3.898543080582684e-5,1.8227654495550638e-5,7.1009994999648995e-6,1.2597201626274313e-6
16.700889801505816,1.2689939417054319e-6,3.897119582874087e-5,1.8131545085786627e-5,7.133497241684772e-6,1.2665117570254125e-6
16.76933607118412,1.2757721410405765e-6,3.8953535878905043e-5,1.803342090045401e-5,7.165586609625407e-6,1.2732795842129718e-6
16.83778234086242,1.282526226664693e-6,3.8932531058133435e-5,1.7933376871726026e-5,7.1972617223803326e-6,1.2800234490129014e-6
16.906228610540726,1.2892560221633431e-6,3.8908263140569055e-5,1.783150921719212e-5,7.228516819002273e-6,1.2867431772312088e-6
16.974674880219027,1.295961347791419e-6,3.888081543912403e-5,1.77279152996368e-5,7.259346237353803e-6,1.2934385911211876e-6
17.04312114989733,1.3026420526696114e-6,3.8850272725099444e-5,1.762269354310675e-5,7.2897444497455055e-6,1.300109542023975e-6
17.111567419575632,1.3092979789242065e-6,3.881672107641787e-5,1.7515943277368606e-5,7.31970602962928e-6,1.3067558742863028e-6
17.180013689253936,1.3159289861119916e-6,3.87802477872512e-5,1.740776464254079e-5,7.3492256794649435e-6,1.3133774493523376e-6
17.248459958932237,1.322534941450293e-6,3.874094123956784e-5,1.7298258456754922e-5,7.378298222837643e-6,1.319974136437807e-6
17.31690622861054,1.3291157139327936e-6,3.86988907785657e-5,1.7187526088480176e-5,7.406918602570478e-6,1.326545806312751e-6
17.385352498288842,1.3356711832113177e-6,3.86541866017609e-5,1.707566934139315e-5,7.435081891604689e-6,1.3330923407384176e-6
17.453798767967147,1.3422012512531722e-6,3.8606919649852856e-5,1.6962790342134326e-5,7.4627833078766415e-6,1.3396136437915374e-6
17.522245037645447,1.348705807147077e-6,3.85571814495167e-5,1.684899137854856e-5,7.490018181233182e-6,1.346109605671053e-6
17.590691307323752,1.3551847670711936e-6,3.850506403202392e-5,1.673437481775064e-5,7.516781996952382e-6,1.3525801447755725e-6
17.659137577002053,1.3616380426517694e-6,3.845065978036466e-5,1.6619042947141338e-5,7.543070365989557e-6,1.3590251743966775e-6
17.727583846680357,1.368065564055776e-6,3.83940613295497e-5,1.6503097873488137e-5,7.568879051067512e-6,1.3654446262556519e-6
17.796030116358658,1.3744672655580104e-6,3.833536143116323e-5,1.638664138459145e-5,7.59420395424204e-6,1.3718384359595603e-6
17.864476386036962,1.3808430824324702e-6,3.827465283068321e-5,1.6269774823052252e-5,7.619041117679082e-6,1.378206540780802e-6
17.932922655715263,1.387192973711926e-6,3.821202816778335e-5,1.6152598984908728e-5,7.643386746525316e-6,1.3845489008623701e-6
18.001368925393567,1.3935168924339436e-6,3.814757983022776e-5,1.603521397042229e-5,7.667237184039166e-6,1.3908654707961432e-6
18.069815195071868,1.399814800739918e-6,3.808139984950998e-5,1.591771907782924e-5,7.690588926911879e-6,1.397156214166806e-6
18.138261464750173,1.4060866846410391e-6,3.801357980026676e-5,1.580021270042309e-5,7.713438643697224e-6,1.4034211179847489e-6
18.206707734428473,1.4123325149384414e-6,3.7944210646734255e-5,1.5682792170568227e-5,7.735783137174934e-6,1.4096601546054188e-6
18.275154004106774,1.4185522900778125e-6,3.787338267302598e-5,1.556555368820156e-5,7.757619389536785e-6,1.4158733234737042e-6
18.34360027378508,1.4247459989569222e-6,3.780118533569521e-5,1.5448592171729558e-5,7.778944527414566e-6,1.4220606147086201e-6
18.41204654346338,1.4309136515677778e-6,3.772770718657448e-5,1.5332001177759125e-5,7.799755854409618e-6,1.4282220393013745e-6
18.480492813141684,1.4370552596787434e-6,3.765303574798651e-5,1.5215872776530581e-5,7.820050833440284e-6,1.4343576099085098e-6
18.548939082819984,1.44317084938006e-6,3.757725742248308e-5,1.5100297458325862e-5,7.839827101618901e-6,1.4404673536194679e-6
18.61738535249829,1.449260432218047e-6,3.750045736505836e-5,1.4985364004904689e-5,7.859082442718268e-6,1.4465512828687466e-6
18.68583162217659,1.4553240565984282e-6,3.7422719437851804e-5,1.4871159442431114e-5,7.877814840684394e-6,1.4526094469502482e-6
18.754277891854894,1.461361754828694e-6,3.734412606393178e-5,1.4757768893924883e-5,7.896022427789084e-6,1.458641878615552e-6
18.822724161533195,1.4673735840853297e-6,3.7264758178889856e-5,1.4645275529523438e-5,7.91370352792864e-6,1.4646486360403443e-6
18.8911704312115,1.4733595931071264e-6,3.718469511171385e-5,1.453376044624477e-5,7.930856623761251e-6,1.4706297684075054e-6
18.9596167008898,1.4793198396256813e-6,3.710401452072798e-5,1.4423302602040167e-5,7.94748037680204e-6,1.4765853341147661e-6
19.028062970568104,1.485254401689673e-6,3.702279232520311e-5,1.4313978747404477e-5,7.96357363852529e-6,1.4825154112108052e-6
19.096509240246405,1.4911633460235052e-6,3.6941102602106035e-5,1.4205863320015943e-5,7.97913542149864e-6,1.4884200675302495e-6
19.16495550992471,1.4970467642205776e-6,3.6859017550572304e-5,1.4099028409098047e-5,7.994164935465342e-6,1.4942993944444538e-6
19.23340177960301,1.5029047294445874e-6,3.677660738499178e-5,1.3993543646617645e-5,8.008661546266005e-6,1.5001534657832494e-6
19.301848049281315,1.508737344613209e-6,3.6693940320242646e-5,1.3889476192963102e-5,8.022624823245117e-6,1.5059823841312436e-6
19.370294318959616,1.5145447080922025e-6,3.661108248320666e-5,1.3786890646572125e-5,8.036054508164803e-6,1.511786248409308e-6
19.43874058863792,1.5203269270180897e-6,3.652809787313416e-5,1.3685849003852724e-5,8.048950527417276e-6,1.5175651657539646e-6
19.50718685831622,1.5260841040865003e-6,3.6445048301469996e-5,1.3586410599453203e-5,8.061312980145452e-6,1.523319238860843e-6
19.575633127994525,1.5318163697486398e-6,3.6361993381972546e-5,1.348863209393869e-5,8.07314217099453e-6,1.529048597959104e-6
19.644079397672826,1.5375238363590782e-6,3.6278990447224935e-5,1.339256739185668e-5,8.084438565481022e-6,1.5347533552922954e-6
19.71252566735113,1.5432066350351548e-6,3.6196094553297975e-5,1.3298267644401562e-5,8.095202825852965e-6,1.5404336418667341e-6
19.78097193702943,1.5488649075523497e-6,3.611335844266872e-5,1.320578121333238e-5,8.105435804206529e-6,1.5460895990138113e-6
19.849418206707735,1.5544987856941361e-6,3.603083250236505e-5,1.311515362789617e-5,8.115138522502008e-6,1.5517213581839329e-6
19.917864476386036,1.5601084095706597e-6,3.5948564762078306e-5,1.3026427583495703e-5,8.124312190105343e-6,1.5573290593762223e-6
19.98631074606434,1.5656939301722517e-6,3.586660088494842e-5,1.2939642932363604e-5,8.132958206008567e-6,1.562912852470788e-6
20.05475701574264,1.5712555042624032e-6,3.578498415357512e-5,1.2854836669129455e-5,8.141078155499137e-6,1.5684728943421433e-6
20.123203285420946,1.5767932918242522e-6,3.570375546302351e-5,1.27720429253797e-5,8.148673805385975e-6,1.5740093437521807e-6
20.191649555099247,1.5823074563936501e-6,3.562295332315557e-5,1.2691292970101742e-5,8.155747105331734e-6,1.5795223636816402e-6
20.26009582477755,1.5877981601741809e-6,3.55426138590742e-5,1.26126152130146e-5,8.162300182967819e-6,1.5850121161120612e-6
20.32854209445585,1.5932655793582384e-6,3.5462770835215096e-5,1.2536035227439513e-5,8.168335356106837e-6,1.5904787754594807e-6
20.396988364134156,1.5987098895831053e-6,3.538345565778922e-5,1.2461575754407761e-5,8.173855121196283e-6,1.5959225170281144e-6
20.465434633812457,1.6041312651537964e-6,3.5304697391880246e-5,1.2389256719425035e-5,8.178862150098887e-6,1.6013435141237764e-6
20.533880903490758,1.6095299048002332e-6,3.52265228099613e-5,1.2319095283763737e-5,8.183359314406502e-6,1.6067419643661651e-6
20.602327173169062,1.6149059828274304e-6,3.5148956371466866e-5,1.2251105822924657e-5,8.187349636701313e-6,1.61211804083905e-6
20.670773442847363,1.6202597038494915e-6,3.507202030850198e-5,1.2185300015565836e-5,8.190836344512675e-6,1.6174719469352894e-6
20.739219712525667,1.6255912602680667e-6,3.4995734619402974e-5,1.2121686837285317e-5,8.19382282624126e-6,1.6228038740573325e-6
20.807665982203968,1.6309008424864047e-6,3.49201171173652e-5,1.2060272611136291e-5,8.196312640373904e-6,1.6281140111651382e-6
20.876112251882272,1.6361886586713226e-6,3.484518349339272e-5,1.2001061072020036e-5,8.198309533025139e-6,1.6334025648712114e-6
20.944558521560573,1.641454921541552e-6,3.477094734949393e-5,1.1944053402768162e-5,8.199817425280642e-6,1.638669746562016e-6
21.013004791238878,1.6466998392639098e-6,3.46974202389827e-5,1.1889248275664954e-5,8.2008404015399e-6,1.643915763294146e-6
21.08145106091718,1.6519236207823695e-6,3.4624611723876875e-5,1.1836641911844303e-5,8.201382712180738e-6,1.6491408217911285e-6
21.149897330595483,1.6571264843667777e-6,3.455252944006837e-5,1.1786228150234557e-5,8.201448782552134e-6,1.6543451388795205e-6
21.218343600273784,1.6623086447342672e-6,3.4481179141954144e-5,1.1737998494187885e-5,8.201043196875979e-6,1.6595289276111203e-6
21.286789869952088,1.6674703305907812e-6,3.44105647815951e-5,1.1691942192748606e-5,8.200170714678379e-6,1.6646924151375586e-6
21.35523613963039,1.672611758651854e-6,3.434068854490935e-5,1.1648046281731439e-5,8.198836242145902e-6,1.6698358160649462e-6
21.423682409308693,1.6777331564021836e-6,3.427155094093415e-5,1.1606295674981837e-5,8.197044853330837e-6,1.6749593562126464e-6
21.492128678986994,1.682834754102025e-6,3.420315086022363e-5,1.1566673227547675e-5,8.194801779604077e-6,1.6800632637314905e-6
21.560574948665298,1.687916790560351e-6,3.413548565089908e-5,1.1529159813838952e-5,8.192112413873964e-6,1.6851477755430722e-6
21.6290212183436,1.6929794842690526e-6,3.406855115939411e-5,1.1493734374590225e-5,8.188982278389823e-6,1.6902131079188365e-6
21.697467488021903,1.6980230832519538e-6,3.400234185302331e-5,1.1460374042981947e-5,8.18541707303666e-6,1.6952595068842058e-6
21.765913757700204,1.7030478224322465e-6,3.393685085062437e-5,1.1429054179168396e-5,8.181422629593982e-6,1.7002872052529483e-6
21.83436002737851,1.7080539456149069e-6,3.387207001837034e-5,1.1399748471863091e-5,8.177004931386733e-6,1.7052964444985719e-6
21.90280629705681,1.7130416780641866e-6,3.3807990017509226e-5,1.1372428991407446e-5,8.172170082976216e-6,1.7102874476648822e-6
21.971252566735114,1.7180112839021433e-6,3.374460043703564e-5,1.134706632710536e-5,8.166924364561012e-6,1.715260476431446e-6
22.039698836413415,1.7229629949433445e-6,3.3681889798797826e-5,1.1323629599324647e-5,8.16127415870227e-6,1.7202157603923851e-6
22.10814510609172,1.7278970624312606e-6,3.3619845684951244e-5,1.1302086591391536e-5,8.155225997952265e-6,1.7251535481266345e-6
22.17659137577002,1.732813723953619e-6,3.355845478092423e-5,1.12824038005499e-5,8.14878652988238e-6,1.7300740750014754e-6
22.245037645448324,1.7377132459639455e-6,3.349770299354571e-5,1.126454656164011e-5,8.141962555496818e-6,1.7349776048058985e-6
22.313483915126625,1.742595868825525e-6,3.3437575471695347e-5,1.1248479074965623e-5,8.134760971723054e-6,1.739864375460698e-6
22.38193018480493,1.7474618398960473e-6,3.3378056713995186e-5,1.1234164521312096e-5,8.127188800166607e-6,1.7447346314369838e-6
22.45037645448323,1.7523114091977376e-6,3.3319130638420624e-5,1.1221565139440948e-5,8.119253181337882e-6,1.7495886203144906e-6
22.518822724161534,1.757144845071501e-6,3.3260780671229284e-5,1.1210642322123654e-5,8.1109613847552e-6,1.754426607769588e-6
22.587268993839835,1.7619623825515518e-6,3.3202989766834e-5,1.1201356644785498e-5,8.102320754876935e-6,1.7592488259499106e-6
22.65571526351814,1.7667642919771964e-6,3.3145740548023994e-5,1.119366801383137e-5,8.093338775938541e-6,1.764055542308185e-6
22.72416153319644,1.7715508195959018e-6,3.3089015314735626e-5,1.1187535684853422e-5,8.08402300922495e-6,1.768847000538365e-6
22.792607802874745,1.7763222239786103e-6,3.303279614941257e-5,1.1182918375873818e-5,8.074381124933971e-6,1.7736234561027686e-6
22.861054072553046,1.7810787629191083e-6,3.2977064969630376e-5,1.1179774330405401e-5,8.064420885967039e-6,1.7783851642416693e-6
22.929500342231346,1.7858206841081525e-6,3.2921803582164344e-5,1.117806138095645e-5,8.054150134384486e-6,1.7831323692041323e-6
22.99794661190965,1.7905482534441575e-6,3.286699377569313e-5,1.1177737051504266e-5,8.043576816274545e-6,1.7878653344460815e-6
23.06639288158795,1.7952617265004633e-6,3.281261735055274e-5,1.1178758597796268e-5,8.032708948557676e-6,1.7925843120991658e-6
23.134839151266256,1.7999613570740536e-6,3.27586561873483e-5,1.1181083086064803e-5,8.021554624093596e-6,1.7972895534068556e-6
23.203285420944557,1.8046474137278778e-6,3.2705092318119355e-5,1.1184667475738763e-5,8.010122023560662e-6,1.8019813233793869e-6
23.27173169062286,1.8093201343827303e-6,3.265190793577677e-5,1.1189468639427602e-5,7.99841936671708e-6,1.8066598571619963e-6
23.340177960301162,1.8139797904881405e-6,3.259908550934387e-5,1.1195443489486756e-5,7.986454971575796e-6,1.8113254230955889e-6
23.408624229979466,1.8186266290687314e-6,3.2546607774519565e-5,1.120254898157036e-5,7.97423719300916e-6,1.8159782650961631e-6
23.477070499657767,1.8232609158008728e-6,3.249445782360638e-5,1.1210742214329272e-5,7.961774460385485e-6,1.8206186453983975e-6
23.54551676933607,1.8278829049256373e-6,3.244261911972135e-5,1.1219980457943812e-5,7.949075244817472e-6,1.825246815467807e-6
23.613963039014372,1.8324928491297854e-6,3.239107554686704e-5,1.123022121563011e-5,7.936148063270032e-6,1.829863024660483e-6
23.682409308692677,1.8370910019882558e-6,3.2339811452897216e-5,1.1241422278374102e-5,7.92300147767211e-6,1.8344675234427399e-6
23.750855578370977,1.8416776250695932e-6,3.228881169048403e-5,1.1253541781330867e-5,7.909644096470991e-6,1.8390605699414309e-6
23.81930184804928,1.8462529716156695e-6,3.2238061635991855e-5,1.1266538233023482e-5,7.896084554870342e-6,1.8436424142898034e-6
23.887748117727583,1.8508172832110148e-6,3.21875472161226e-5,1.1280370557531505e-5,7.882331507058637e-6,1.8482132948527408e-6
23.956194387405887,1.855370824421776e-6,3.213725497086539e-5,1.1294998169764092e-5,7.86839365563008e-6,1.8527734728657208e-6
24.024640657084188,1.8599138383867952e-6,3.208717203428968e-5,1.1310380970352973e-5,7.854279703511935e-6,1.857323188247939e-6
24.093086926762492,1.8644465816786138e-6,3.203728619294299e-5,1.1326479417594904e-5,7.839998383829538e-6,1.861862694463312e-6
24.161533196440793,1.8689693142004415e-6,3.198758589473272e-5,1.1343254551321458e-5,7.825558444918279e-6,1.8663922479733586e-6
24.229979466119097,1.8734822694321807e-6,3.193806023815693e-5,1.13606679952305e-5,7.810968617461e-6,1.8709120790383338e-6
24.298425735797398,1.8779857013928591e-6,3.1888699033033596e-5,1.137868203293646e-5,7.796237655344207e-6,1.8754224385686413e-6
24.366872005475702,1.8824798481142935e-6,3.183949277740794e-5,1.1397259598755483e-5,7.781374295356969e-6,1.8799235609323617e-6
24.435318275154003,1.8869649702768498e-6,3.1790432706624294e-5,1.1416364341321206e-5,7.766387291607835e-6,1.8844157038122589e-6
24.503764544832308,1.8914413051351886e-6,3.1741510754024205e-5,1.1435960599159856e-5,7.751285364121507e-6,1.8888991012433465e-6
24.57221081451061,1.895909092497483e-6,3.1692719582698814e-5,1.1456013447874724e-5,7.736077221265347e-6,1.8933739897031288e-6
24.640657084188913,1.9003685846064045e-6,3.1644052598811534e-5,1.14764887266805e-5,7.720771563857198e-6,1.8978406181036078e-6
24.709103353867214,1.904820014275721e-6,3.159550392040078e-5,1.1497353024081391e-5,7.705377050859497e-6,1.9022992161499275e-6
24.777549623545518,1.909263616872714e-6,3.154706839803012e-5,1.1518573711621904e-5,7.68990231436728e-6,1.9067500158786999e-6
24.84599589322382,1.9136996449731214e-6,3.149874162655664e-5,1.1540118971753444e-5,7.674355971931668e-6,1.9111932666460163e-6
24.914442162902123,1.9181283038571806e-6,3.1450519874631766e-5,1.1561957742434181e-5,7.658746556615803e-6,1.9156291706234896e-6
24.982888432580424,1.922549861643752e-6,3.140240018895124e-5,1.1584059835145766e-5,7.643082623021158e-6,1.9200579927103334e-6
